0,1,2,3,4,5,6
0.8819784896587927,-0.7141522562003068,0.0,0.0,0.0,0.0,0.0
-2.34139980062697,-0.5000977409265234,0.0,0.0,0.0,0.0,0.0
-0.6673009711164075,-1.051700636368853,0.0,0.0,0.0,0.0,0.0
0.6319817791081536,-1.4691187788852598,0.0,0.0,0.0,0.0,0.0
1.1603315469070654,0.40071322102112256,0.0,0.0,0.0,0.0,1.0
2.286780865753183,0.5223303913209402,0.0,0.0,0.0,0.0,1.0
-0.9132999143177832,-0.14434721673823425,0.0,0.0,0.0,0.0,1.0
-1.2022232729206845,0.1607452421899912,0.0,0.0,0.0,0.0,1.0
0.6413746012736012,0.7651226458895818,0.0,0.0,0.0,0.0,1.0
0.1391742539401622,0.9907981402131338,0.0,0.0,0.0,0.0,1.0
-0.11258444419850931,0.7291222510387747,0.0,0.0,0.0,0.0,1.0
-0.5292134625992609,0.6678437171254112,0.0,0.0,0.0,0.0,1.0
-0.4003225892919733,-0.16293982492183232,0.0,0.0,0.0,0.0,1.0
-0.07804820749693256,-0.4559248588932106,0.0,0.0,0.0,0.0,0.0
-3.4752166470962145,1.2106491822422587,0.0,0.0,0.0,0.0,1.0
0.6998167028099105,1.4920611796156107,0.0,0.0,0.0,0.0,0.0
-0.7200307565625098,0.8020813088400714,0.0,0.0,0.0,0.0,1.0
-1.3173405374123723,1.2251234010599508,0.0,0.0,0.0,0.0,1.0
-0.5728510362371995,0.9624271026682418,0.0,0.0,0.0,0.0,1.0
0.6850404307012458,1.175574697289046,0.0,0.0,0.0,0.0,0.0
-0.20915511484743196,0.8052053041042562,0.0,0.0,0.0,0.0,1.0
0.5227881694770361,-2.5876919258853617,0.0,0.0,0.0,0.0,0.0
1.2458462042900467,0.1107256512101444,0.0,0.0,0.0,0.0,1.0
-0.11140014295164362,0.9421124234542125,0.0,0.0,0.0,0.0,1.0
0.726477296181298,0.2890882344817606,0.0,0.0,0.0,0.0,0.0
0.3624299414482231,-0.6643293444232655,0.0,0.0,0.0,0.0,0.0
-1.2992355992950755,-1.2016739791866886,0.0,0.0,0.0,0.0,1.0
1.4600146575543471,0.422172475114664,0.0,0.0,0.0,0.0,1.0
2.9745552672963558,-0.04147159607072377,0.0,0.0,0.0,0.0,0.0
0.31016636558243893,0.7006418226590481,0.0,0.0,0.0,0.0,1.0
-0.06808022230805194,0.879159802273532,0.0,0.0,0.0,0.0,1.0
-1.9481868123034414,1.0282971024319654,0.0,0.0,0.0,0.0,1.0
-0.40359967893226395,-0.9542380192806879,0.0,0.0,0.0,0.0,0.0
-0.5819338683506458,0.18542163938224238,0.0,0.0,0.0,0.0,1.0
0.772039772281825,-0.21937035185524312,0.0,0.0,0.0,0.0,0.0
0.5661580885842908,1.2069263221269215,0.0,0.0,0.0,0.0,0.0
0.7488121721805977,1.585593840455599,0.0,0.0,0.0,0.0,0.0
-0.3918417006750795,1.1400563920116689,0.0,0.0,0.0,0.0,1.0
-0.3831657881822209,0.9456128015673494,0.0,0.0,0.0,0.0,1.0
0.9019891957155098,-0.12965385508908048,0.0,0.0,0.0,0.0,0.0
0.42379833682308476,0.49614286774584515,0.0,0.0,0.0,0.0,1.0
-1.8155062509013464,0.917994823299888,0.0,0.0,0.0,0.0,1.0
-0.8726983042671393,1.1213700571265337,0.0,0.0,0.0,0.0,1.0
0.724695801823674,0.8552371012478541,0.0,0.0,0.0,0.0,1.0
-0.7630646661221535,1.039817861589034,0.0,0.0,0.0,0.0,1.0
-0.9378210808230784,-0.47478842569871765,0.0,0.0,0.0,0.0,1.0
0.6384174139401201,-2.0130404092837666,0.0,0.0,0.0,0.0,0.0
0.899164537607505,1.2468180185364566,0.0,0.0,0.0,0.0,0.0
0.643192609885573,-0.27255163583429337,0.0,0.0,0.0,0.0,0.0
-0.09871402017621284,-0.8702644115668965,0.0,0.0,0.0,0.0,0.0
0.4966092977192232,0.12512898280533902,0.0,0.0,0.0,0.0,0.0
-0.0615882568845757,0.5753345646661988,0.0,0.0,0.0,0.0,1.0
2.555928669393565,0.22435456303725265,0.0,0.0,0.0,0.0,1.0
0.8138888340876328,-0.4883001565284933,0.0,0.0,0.0,0.0,0.0
-0.7053972810779469,-0.9259340879174903,0.0,0.0,0.0,0.0,0.0
0.9445926308931962,0.4193720453578162,0.0,0.0,0.0,0.0,0.0
-0.143601239791319,-1.0355894423590954,0.0,0.0,0.0,0.0,0.0
-1.0592684725127126,-0.7560362075713641,0.0,0.0,0.0,0.0,1.0
-0.07578811346527879,0.8036910183375845,0.0,0.0,0.0,0.0,1.0
-0.8267399457635949,-0.05927336755148934,0.0,0.0,0.0,0.0,1.0
-0.9716593237511036,0.25820820440302983,0.0,0.0,0.0,0.0,1.0
0.8551358866907576,0.9826320401946613,0.0,0.0,0.0,0.0,0.0
0.49554295903652396,0.03485859513987538,0.0,0.0,0.0,0.0,0.0
-1.2309923663900226,0.9705435711465501,0.0,0.0,0.0,0.0,1.0
0.7631254560431113,-0.6010280619753842,0.0,0.0,0.0,0.0,0.0
1.2050036255944638,-0.4234205545035412,0.0,0.0,0.0,0.0,0.0
-1.4262758588307631,-1.5473707198231048,0.0,0.0,0.0,0.0,1.0
0.7160305027829452,-0.9343315544973565,0.0,0.0,0.0,0.0,0.0
-0.8222641452440594,0.6455823274706051,0.0,0.0,0.0,0.0,1.0
-0.36847996046843035,-0.887327053883119,0.0,0.0,0.0,0.0,0.0
0.5010681898044841,-0.4717778146328667,0.0,0.0,0.0,0.0,0.0
-1.0863037298763534,0.225834390610681,0.0,0.0,0.0,0.0,1.0
0.05099779271047346,0.4925423237086318,0.0,0.0,0.0,0.0,1.0
-0.15653373379953095,-0.936328837963858,0.0,0.0,0.0,0.0,0.0
0.21398926191388667,-0.6964980530758401,0.0,0.0,0.0,0.0,0.0
0.06922009717022624,-0.4011341626563105,0.0,0.0,0.0,0.0,0.0
0.9367928132981669,1.6128285474774475,0.0,0.0,0.0,0.0,0.0
-0.24155698178487175,-0.36228345463149597,0.0,0.0,0.0,0.0,1.0
0.16661602851934093,0.9687107474376946,0.0,0.0,0.0,0.0,1.0
1.8199530246601425,-0.5213790051423037,0.0,0.0,0.0,0.0,0.0
0.9775442798715358,0.5202968521715003,0.0,0.0,0.0,0.0,1.0
1.06489599714069,2.0714585167405284,0.0,0.0,0.0,0.0,0.0
0.5998192682008271,0.005656369230445206,0.0,0.0,0.0,0.0,0.0
0.94000015971576,-0.46127398710567824,0.0,0.0,0.0,0.0,0.0
-0.1717824575863356,0.23538145630731327,0.0,0.0,0.0,0.0,1.0
0.6700578013299486,-1.3879435189117633,0.0,0.0,0.0,0.0,0.0
0.6116202492914519,-0.06057305413459407,0.0,0.0,0.0,0.0,0.0
1.9257800140085335,0.8112463907769238,0.0,0.0,0.0,0.0,1.0
-0.34338833911131783,-0.31799885821723234,0.0,0.0,0.0,0.0,1.0
1.4710839481546991,-0.48973636517113905,0.0,0.0,0.0,0.0,0.0
0.9023304022262075,0.020653875728533125,0.0,0.0,0.0,0.0,0.0
2.0505285680849847,-1.0962216563854708,0.0,0.0,0.0,0.0,0.0
-0.2640100133313621,0.10110693301150116,0.0,0.0,0.0,0.0,1.0
0.4866354290542921,-2.351410558614707,0.0,0.0,0.0,0.0,0.0
-1.3806981115970627,-0.30841458464224303,0.0,0.0,0.0,0.0,1.0
-0.5215576175943796,0.6979247293838298,0.0,0.0,0.0,0.0,1.0
-1.0138835524005387,-0.37533581531855004,0.0,0.0,0.0,0.0,1.0
0.6685921697865899,-1.1168533952367408,0.0,0.0,0.0,0.0,0.0
-0.944716136818637,-0.8705903495499764,0.0,0.0,0.0,0.0,1.0
1.1327635097166178,0.5636133203636383,0.0,0.0,0.0,0.0,0.0
-0.7273393929551515,-0.4926137194368028,0.0,0.0,0.0,0.0,1.0
-0.6374892211107261,0.7553559633786555,0.0,0.0,0.0,0.0,1.0
0.850277042326033,-0.3056780503767972,0.0,0.0,0.0,0.0,0.0
-1.475368656312167,0.8614677878487748,0.0,0.0,0.0,0.0,1.0
-1.176944590653264,0.6427367737567369,0.0,0.0,0.0,0.0,1.0
0.6525524154444309,0.6818307545554996,0.0,0.0,0.0,0.0,1.0
-0.9393663664458198,-0.6347968695613962,0.0,0.0,0.0,0.0,0.0
-0.4058933398967926,-0.8995335063017142,0.0,0.0,0.0,0.0,0.0
0.10402013886861604,0.42918939459860556,0.0,0.0,0.0,0.0,1.0
0.8180451475813211,-0.4490462099358,0.0,0.0,0.0,0.0,0.0
-0.6704333853089135,-0.6437903071922793,0.0,0.0,0.0,0.0,1.0
-0.09418920235139201,0.7974544223269089,0.0,0.0,0.0,0.0,1.0
-0.5603298031073092,-0.6784606407406304,0.0,0.0,0.0,0.0,1.0
0.8114270820029061,0.3599671755462676,0.0,0.0,0.0,0.0,0.0
-0.989222916841682,-0.16139947602649862,0.0,0.0,0.0,0.0,0.0
-0.8905039867359411,-0.4549472663310278,0.0,0.0,0.0,0.0,0.0
0.046531206127476396,-0.0408520417474436,0.0,0.0,0.0,0.0,1.0
-0.7886643020087671,-0.42787994178739286,0.0,0.0,0.0,0.0,1.0
0.5350101060488542,0.9002323885055603,0.0,0.0,0.0,0.0,1.0
-1.7280114860054454,-0.7273799174501939,0.0,0.0,0.0,0.0,0.0
-1.358565884693007,1.0316357416739756,0.0,0.0,0.0,0.0,1.0
-0.6562684076593478,-0.8057751517098244,0.0,0.0,0.0,0.0,0.0
0.15979885761244425,-0.8049526276195893,0.0,0.0,0.0,0.0,0.0
-3.389308270502078,1.1959346789043215,0.0,0.0,0.0,0.0,1.0
0.7227414795779347,-0.10393045508230112,0.0,0.0,0.0,0.0,0.0
1.1234514608128454,1.3910928142321812,0.0,0.0,0.0,0.0,0.0
0.7491513673202012,0.5099471251138055,0.0,0.0,0.0,0.0,0.0
0.5875082217442812,-0.7056843988260927,0.0,0.0,0.0,0.0,1.0
0.39895877487395215,-0.37242160298245564,0.0,0.0,0.0,0.0,0.0
0.7497696482154522,1.825057164571984,0.0,0.0,0.0,0.0,0.0
0.4423030137037822,0.6522088799935852,0.0,0.0,0.0,0.0,1.0
-1.3024295446081902,-0.5923816381995344,0.0,0.0,0.0,0.0,1.0
1.0705180395968723,0.1722548306594748,0.0,0.0,0.0,0.0,0.0
0.12322438101720201,0.5386366216493532,0.0,0.0,0.0,0.0,1.0
-0.5625913771606814,-0.9514603580780034,0.0,0.0,0.0,0.0,1.0
3.219969004306828,0.40288417237275803,0.0,0.0,0.0,0.0,1.0
-1.550816957355808,-0.655010499990603,0.0,0.0,0.0,0.0,1.0
0.5872548031347348,-0.9203969585677143,0.0,0.0,0.0,0.0,0.0
0.8684861003132982,-1.0393384721961416,0.0,0.0,0.0,0.0,0.0
0.4905484877866527,-0.543567781729568,0.0,0.0,0.0,0.0,0.0
-0.7665042976228473,0.7955851220880245,0.0,0.0,0.0,0.0,1.0
-0.8764842360949148,-0.6869875381576533,0.0,0.0,0.0,0.0,1.0
0.38616927977360505,0.6888903335857074,0.0,0.0,0.0,0.0,1.0
0.11650366507337427,0.590317063789013,0.0,0.0,0.0,0.0,1.0
-1.2211874962803464,-1.9168681003155992,0.0,0.0,0.0,0.0,1.0
-0.001392106409220667,0.11956595657288846,0.0,0.0,0.0,0.0,1.0
0.5379519166977321,-1.6150976639401433,0.0,0.0,0.0,0.0,0.0
1.0640452702954168,1.0810471722146995,0.0,0.0,0.0,0.0,0.0
-0.09457310833094576,0.873760677727789,0.0,0.0,0.0,0.0,1.0
-0.2065282602672004,-0.07202855229584872,0.0,0.0,0.0,0.0,1.0
0.5611758996991275,-1.0487534969713788,0.0,0.0,0.0,0.0,0.0
0.5334796825790896,-2.8986925720022843,0.0,0.0,0.0,0.0,0.0
-0.011139565121327737,0.19436322952122562,0.0,0.0,0.0,0.0,1.0
0.8698469970915776,0.2123896012661758,0.0,0.0,0.0,0.0,0.0
-0.8538351612527791,0.003801067747423923,0.0,0.0,0.0,0.0,1.0
-0.6793453689429679,0.2799019989251869,0.0,0.0,0.0,0.0,1.0
0.9695828208000409,-1.4527219960427684,0.0,0.0,0.0,0.0,0.0
-0.007663188981653325,1.0017037631723067,0.0,0.0,0.0,0.0,1.0
0.7490185201905015,0.16457496201323302,0.0,0.0,0.0,0.0,0.0
-1.5541475062077155,0.5076893918306952,0.0,0.0,0.0,0.0,1.0
0.31923835104469445,0.5303073299439929,0.0,0.0,0.0,0.0,1.0
-0.4108708618577139,0.9831505800867824,0.0,0.0,0.0,0.0,1.0
-0.3605424411772727,-0.9110958089817278,0.0,0.0,0.0,0.0,0.0
0.609529586602854,-0.18100146173053885,0.0,0.0,0.0,0.0,0.0
0.6003119992211196,0.5695294950719421,0.0,0.0,0.0,0.0,0.0
-0.5040115746611775,-1.018512417961789,0.0,0.0,0.0,0.0,0.0
-0.1258425946911073,0.1059631950096177,0.0,0.0,0.0,0.0,1.0
0.5130205043375637,1.9463381062734193,0.0,0.0,0.0,0.0,0.0
-0.8482732496634592,0.2618250460089711,0.0,0.0,0.0,0.0,1.0
0.8979990822598312,3.3581566830483998,0.0,0.0,0.0,0.0,0.0
1.9787279823867596,0.5625971164127828,0.0,0.0,0.0,0.0,1.0
-0.8948680099270817,-0.8582458636220365,0.0,0.0,0.0,0.0,0.0
-0.28298800636881,-0.16901746507493884,0.0,0.0,0.0,0.0,1.0
0.49226922041597143,-0.33978942270467943,0.0,0.0,0.0,0.0,0.0
-0.023540330420250877,0.06806301745437993,0.0,0.0,0.0,0.0,1.0
0.5551657944956885,0.9958099332623837,0.0,0.0,0.0,0.0,1.0
0.38701310867782784,0.21135455726362024,0.0,0.0,0.0,0.0,0.0
1.4632406855837297,0.42637588892907785,0.0,0.0,0.0,0.0,1.0
0.1033392493764573,-0.14985496959402161,0.0,0.0,0.0,0.0,1.0
0.9285336590339184,1.771912882708558,0.0,0.0,0.0,0.0,0.0
0.9027203623454896,0.3122518746318275,0.0,0.0,0.0,0.0,0.0
-1.386044400836762,0.8662401269436988,0.0,0.0,0.0,0.0,1.0
0.358817282839209,0.9439271141819006,0.0,0.0,0.0,0.0,1.0
0.6472191356517865,-0.17448882073313868,0.0,0.0,0.0,0.0,0.0
0.8271298005244517,2.1190024307556268,0.0,0.0,0.0,0.0,0.0
-3.370070956250836,1.2576725740172108,0.0,0.0,0.0,0.0,0.0
0.08506320336966697,-0.48282308129609,0.0,0.0,0.0,0.0,0.0
-0.16454831908103848,0.5308440864224804,0.0,0.0,0.0,0.0,1.0
1.7205351027931102,0.4003742886678117,0.0,0.0,0.0,0.0,1.0
1.9877853780791057,-0.5518371898658826,0.0,0.0,0.0,0.0,0.0
0.6241076951962593,-1.2986456507850022,0.0,0.0,0.0,0.0,0.0
0.9013880669857278,-1.1408469329670459,0.0,0.0,0.0,0.0,0.0
0.9553111959909258,2.3225975363898974,0.0,0.0,0.0,0.0,0.0
-0.9003482878347803,-0.7444065336730594,0.0,0.0,0.0,0.0,0.0
-1.5107098727533594,-0.6932900354171322,0.0,0.0,0.0,0.0,0.0
-0.918314734128186,1.2963826199146027,0.0,0.0,0.0,0.0,1.0
1.3131244336162458,0.7529289640296676,0.0,0.0,0.0,0.0,1.0
-0.5375894649529255,0.49750716140172097,0.0,0.0,0.0,0.0,1.0
0.780287421085439,2.8814405148657487,0.0,0.0,0.0,0.0,0.0
0.6283794761699227,-0.8423517244601597,0.0,0.0,0.0,0.0,0.0
-0.8913534927967584,-0.9452359834506328,0.0,0.0,0.0,0.0,1.0
-0.153242748871779,0.8882740559806073,0.0,0.0,0.0,0.0,1.0
1.622844578910745,-0.7677950692091713,0.0,0.0,0.0,0.0,0.0
0.7181812911174482,0.7544056381352773,0.0,0.0,0.0,0.0,0.0
0.5390079461919504,-0.5100830222422266,0.0,0.0,0.0,0.0,0.0
0.8932476109730776,1.8757110780801312,0.0,0.0,0.0,0.0,0.0
-0.20903680691919216,-1.1730294513043913,0.0,0.0,0.0,0.0,1.0
0.6562367224298477,-0.037784536750393616,0.0,0.0,0.0,0.0,0.0
-1.52058153530195,1.3402609468971618,0.0,0.0,0.0,0.0,1.0
-0.48258167393668916,0.5282408419725728,0.0,0.0,0.0,0.0,1.0
-0.44290197648769464,0.8410611275541494,0.0,0.0,0.0,0.0,1.0
-1.083635441075772,0.7720373496830875,0.0,0.0,0.0,0.0,1.0
0.4256770623610764,-0.6640952685220107,0.0,0.0,0.0,0.0,0.0
0.6704085450170221,-1.5016734299229895,0.0,0.0,0.0,0.0,0.0
-0.9624736255013658,1.3223631658855013,0.0,0.0,0.0,0.0,1.0
-1.2464314478959948,-1.6498554996879287,0.0,0.0,0.0,0.0,1.0
0.7591965370973512,2.9402160866072617,0.0,0.0,0.0,0.0,0.0
0.41723733699911514,-1.8884847798969537,0.0,0.0,0.0,0.0,0.0
0.7405951280828097,0.1636679295440555,0.0,0.0,0.0,0.0,0.0
-0.12025403911217451,-0.42666850696918307,0.0,0.0,0.0,0.0,0.0
0.6557798355170542,0.31306618339458087,0.0,0.0,0.0,0.0,0.0
0.7281077908687015,-1.6552315248944165,0.0,0.0,0.0,0.0,0.0
0.6644955108773034,0.8300876820019402,0.0,0.0,0.0,0.0,1.0
-0.18966945359621132,-0.6470760485786204,0.0,0.0,0.0,0.0,0.0
0.3325288275109941,0.8354238713849728,0.0,0.0,0.0,0.0,1.0
-1.0476856342440315,1.3502437475883562,0.0,0.0,0.0,0.0,1.0
-0.15445681402266206,-0.28780520477250837,0.0,0.0,0.0,0.0,1.0
2.005512138201574,-1.1457173621803676,0.0,0.0,0.0,0.0,0.0
-1.4222077552675387,1.2664338365644199,0.0,0.0,0.0,0.0,1.0
-0.6898446443101647,1.1603751219076037,0.0,0.0,0.0,0.0,1.0
0.8180704270923872,-1.8942320165296311,0.0,0.0,0.0,0.0,0.0
-0.8681472362729126,-0.01260310692364195,0.0,0.0,0.0,0.0,1.0
1.4138475126070282,-0.9506384368171602,0.0,0.0,0.0,0.0,0.0
0.6749373983142618,1.0178127418461183,0.0,0.0,0.0,0.0,0.0
-1.0623369855082856,0.7330606220859669,0.0,0.0,0.0,0.0,1.0
-0.7341281268719074,0.10527978458334662,0.0,0.0,0.0,0.0,1.0
-0.331088514794475,1.7089407869986697,0.0,0.0,0.0,0.0,1.0
0.8762384319985969,0.22168843894576556,0.0,0.0,0.0,0.0,0.0
-0.4221253982064241,0.7067923171553132,0.0,0.0,0.0,0.0,1.0
0.7063672825919881,-0.6746251965278273,0.0,0.0,0.0,0.0,0.0
-0.7662171674796509,0.884778531961091,0.0,0.0,0.0,0.0,1.0
0.4725209996107336,-0.2224521238604993,0.0,0.0,0.0,0.0,0.0
-0.9891023622554616,1.1380194206541896,0.0,0.0,0.0,0.0,1.0
0.7797030845018894,0.08393117642779079,0.0,0.0,0.0,0.0,0.0
0.6861395877810335,1.7599172207714735,0.0,0.0,0.0,0.0,0.0
0.8958388613799866,0.6618199435492425,0.0,0.0,0.0,0.0,0.0
-0.24552076149997545,-0.8580497965960431,0.0,0.0,0.0,0.0,0.0
-0.21125656253538685,-0.05098464762981999,0.0,0.0,0.0,0.0,1.0
-0.40400620641894797,0.45580747979761993,0.0,0.0,0.0,0.0,1.0
-0.6252754680897104,0.7364634902298268,0.0,0.0,0.0,0.0,1.0
-0.9930398175843939,-1.2970138484931952,0.0,0.0,0.0,0.0,1.0
0.21213350393623343,-0.6228320632395152,0.0,0.0,0.0,0.0,0.0
-0.008927708184055545,0.6162701156604393,0.0,0.0,0.0,0.0,1.0
0.5851541424901741,-0.6620674029549163,0.0,0.0,0.0,0.0,0.0
0.7460398893534489,2.116318721462328,0.0,0.0,0.0,0.0,0.0
0.9528753342985252,1.7380277173260523,0.0,0.0,0.0,0.0,0.0
0.6732276114589513,-0.38863784529048295,0.0,0.0,0.0,0.0,0.0
-0.9985004420445092,-0.47094729566042504,0.0,0.0,0.0,0.0,1.0
0.5811801174336235,1.0254742910058054,0.0,0.0,0.0,0.0,1.0
0.290861284459738,-0.6946183464208461,0.0,0.0,0.0,0.0,0.0
0.9715899199117815,2.9276951901133286,0.0,0.0,0.0,0.0,0.0
0.1211715917527191,0.8150030052759719,0.0,0.0,0.0,0.0,1.0
-0.07892932198410885,0.5557178414394475,0.0,0.0,0.0,0.0,1.0
0.2686681589798634,-0.506387962345786,0.0,0.0,0.0,0.0,0.0
0.6792805525770809,0.29994052472812216,0.0,0.0,0.0,0.0,0.0
-0.6858699827571393,0.5794683841386695,0.0,0.0,0.0,0.0,1.0
-0.5191839763731043,-0.5640591303406108,0.0,0.0,0.0,0.0,0.0
-2.2677299307644527,-0.703904837382407,0.0,0.0,0.0,0.0,0.0
-0.7345316285496436,-0.08761805500380301,0.0,0.0,0.0,0.0,1.0
2.3400937557281885,-0.4318137434242003,0.0,0.0,0.0,0.0,0.0
0.0327338378089277,-1.0052837275728648,0.0,0.0,0.0,0.0,0.0
-0.4370733920072908,-0.6684798935613293,0.0,0.0,0.0,0.0,0.0
0.7045330910958487,-1.8198603021825557,0.0,0.0,0.0,0.0,0.0
-0.9179136923674127,0.7669423958191066,0.0,0.0,0.0,0.0,1.0
-0.6845514015422128,-0.2801657294727829,0.0,0.0,0.0,0.0,1.0
0.783977032195113,0.7964903430901611,0.0,0.0,0.0,0.0,0.0
-0.9257630657336728,1.038516144685128,0.0,0.0,0.0,0.0,1.0
2.7288121739082105,-0.600406678376334,0.0,0.0,0.0,0.0,0.0
0.5071439086548412,-1.6111501061953621,0.0,0.0,0.0,0.0,0.0
-0.2808775759903474,0.5298039204599639,0.0,0.0,0.0,0.0,1.0
-0.5406149676257352,0.9239747893582896,0.0,0.0,0.0,0.0,1.0
0.8306937487593512,-1.4445230470872181,0.0,0.0,0.0,0.0,0.0
-1.019737887267607,-0.09479549327204115,0.0,0.0,0.0,0.0,1.0
0.703590744821359,-0.26326031154483504,0.0,0.0,0.0,0.0,0.0
1.7987922023961704,0.3860714704959393,0.0,0.0,0.0,0.0,1.0
-0.20427544442592113,-0.5198944920930908,0.0,0.0,0.0,0.0,1.0
0.6358908504536281,1.7207455055220287,0.0,0.0,0.0,0.0,0.0
0.767160230731322,0.49402438652303376,0.0,0.0,0.0,0.0,0.0
-2.4403549822250077,1.0296110621265129,0.0,0.0,0.0,0.0,1.0
-1.228626228890674,-0.6202368393446633,0.0,0.0,0.0,0.0,0.0
-0.06027441716288947,-0.9336590089210158,0.0,0.0,0.0,0.0,0.0
-1.5876958352926709,-1.2357581592772129,0.0,0.0,0.0,0.0,1.0
1.255679502213614,-0.8351951214231014,0.0,0.0,0.0,0.0,0.0
0.8518769326764816,1.5852217354695894,0.0,0.0,0.0,0.0,0.0
-1.474625666908216,-0.04834612251522075,0.0,0.0,0.0,0.0,1.0
0.745458653807923,1.1807134389725327,0.0,0.0,0.0,0.0,0.0
0.11721780344102375,-0.4073195136056516,0.0,0.0,0.0,0.0,0.0
0.8403805346753102,-0.37293595806746466,0.0,0.0,0.0,0.0,0.0
-0.2252655396857706,0.3673698949429846,0.0,0.0,0.0,0.0,1.0
-0.046119200389356976,-1.005998012058628,0.0,0.0,0.0,0.0,0.0
0.46146193391269613,0.6356964235593633,0.0,0.0,0.0,0.0,1.0
1.2389601813567441,0.7920292747616582,0.0,0.0,0.0,0.0,1.0
-0.8511184213726974,-0.5292550008042846,0.0,0.0,0.0,0.0,1.0
0.7322693067475152,0.15325105914657744,0.0,0.0,0.0,0.0,0.0
-0.3094245495733941,-0.5437307639315315,0.0,0.0,0.0,0.0,1.0
1.0651032263305757,-0.9411572972481782,0.0,0.0,0.0,0.0,0.0
1.738642090343625,-1.0019629398071856,0.0,0.0,0.0,0.0,0.0
0.9043145295710249,0.6254760801294516,0.0,0.0,0.0,0.0,1.0
0.8353615404742308,0.9406237879958621,0.0,0.0,0.0,0.0,1.0
1.5443446524021682,-0.5135043675553581,0.0,0.0,0.0,0.0,0.0
0.7118108992734368,-1.7195524788681729,0.0,0.0,0.0,0.0,0.0
0.504805554013185,0.6345462053039628,0.0,0.0,0.0,0.0,0.0
-0.4694167548968782,-0.5137111183749206,0.0,0.0,0.0,0.0,1.0
-0.4882122534972863,1.4168478709842598,0.0,0.0,0.0,0.0,1.0
-0.7386329545081599,-1.073631767690822,0.0,0.0,0.0,0.0,1.0
0.8998167673035774,-0.22814215709670976,0.0,0.0,0.0,0.0,0.0
-0.42261296886820066,-0.4721040507144505,0.0,0.0,0.0,0.0,1.0
-1.4813433814263295,-0.7080544298942738,0.0,0.0,0.0,0.0,0.0
-0.8375561313199099,0.010350384882494958,0.0,0.0,0.0,0.0,1.0
2.328880274512137,-0.8675443073466477,0.0,0.0,0.0,0.0,0.0
-0.7694469334033611,1.5264362621129652,0.0,0.0,0.0,0.0,1.0
-1.3966071791654096,-0.8355267115665529,0.0,0.0,0.0,0.0,0.0
0.9363221125477196,0.7411541976888913,0.0,0.0,0.0,0.0,1.0
-0.7103493311293285,-0.3774313383011336,0.0,0.0,0.0,0.0,1.0
-1.8487569819832663,-0.7052360106396344,0.0,0.0,0.0,0.0,0.0
-0.41268004498883015,0.7203595331487508,0.0,0.0,0.0,0.0,1.0
-0.053027101796558625,0.4218114623626229,0.0,0.0,0.0,0.0,1.0
3.0594916319444,0.5236857310622743,0.0,0.0,0.0,0.0,1.0
1.7674182511542813,0.4089436309454784,0.0,0.0,0.0,0.0,1.0
1.967260532415101,-0.7605543407633167,0.0,0.0,0.0,0.0,0.0
-1.0892126628267256,-0.7544669837915925,0.0,0.0,0.0,0.0,1.0
0.8127395847705486,-0.9779524588299844,0.0,0.0,0.0,0.0,0.0
0.6998061868512127,-0.012484705663030699,0.0,0.0,0.0,0.0,0.0
0.21576232944441953,-0.4754443324022014,0.0,0.0,0.0,0.0,0.0
0.7996011787140227,0.7939024011782333,0.0,0.0,0.0,0.0,0.0
0.8138864734484618,-0.0595877529837289,0.0,0.0,0.0,0.0,0.0
0.6966745179804666,-2.926601681145955,0.0,0.0,0.0,0.0,0.0
-0.5724440076286634,0.9366905996120148,0.0,0.0,0.0,0.0,1.0
-0.5102467969894438,-0.28400990308734275,0.0,0.0,0.0,0.0,1.0
0.3281782697394012,-0.8220587939459347,0.0,0.0,0.0,0.0,0.0
1.4001305201924648,-0.8546499115257961,0.0,0.0,0.0,0.0,0.0
0.903486307750145,0.9822911641548311,0.0,0.0,0.0,0.0,0.0
0.4509689730756979,0.5213693425946051,0.0,0.0,0.0,0.0,1.0
0.2888157751396125,0.6057021774912236,0.0,0.0,0.0,0.0,1.0
-0.4039420625389333,0.21588469356888115,0.0,0.0,0.0,0.0,1.0
0.8715493622839077,0.10175654304043842,0.0,0.0,0.0,0.0,0.0
0.12660612477135647,-0.4714778620804323,0.0,0.0,0.0,0.0,0.0
0.7139881259846548,-3.037556552734115,0.0,0.0,0.0,0.0,0.0
0.5972935721038782,-1.0905069303613306,0.0,0.0,0.0,0.0,0.0
-0.7571747920965475,1.2468591563880806,0.0,0.0,0.0,0.0,1.0
-0.7010885264971115,1.1488343927314133,0.0,0.0,0.0,0.0,1.0
-0.7412670442786002,-0.9803905863236436,0.0,0.0,0.0,0.0,0.0
0.7909233619281133,2.386397697633908,0.0,0.0,0.0,0.0,0.0
0.9501286518081979,1.1633594885155718,0.0,0.0,0.0,0.0,0.0
0.7405886746496083,-1.139206431194368,0.0,0.0,0.0,0.0,0.0
0.527314496318996,0.2032747015352724,0.0,0.0,0.0,0.0,0.0
-1.2483701864578236,-0.6368844100885366,0.0,0.0,0.0,0.0,1.0
-0.9543306307766339,0.013545268131410097,0.0,0.0,0.0,0.0,1.0
1.8650664277532643,0.38948101540920643,0.0,0.0,0.0,0.0,1.0
-0.7225478584693049,-0.428138484459391,0.0,0.0,0.0,0.0,1.0
-0.3134412479451063,-0.5884339541134583,0.0,0.0,0.0,0.0,0.0
-0.6896368372757141,-0.15166995485532933,0.0,0.0,0.0,0.0,0.0
-1.3830215473201306,-1.1668473039932405,0.0,0.0,0.0,0.0,0.0
0.37960598817635205,-0.9962586847829925,0.0,0.0,0.0,0.0,0.0
-0.6300370912080987,0.46267534732967514,0.0,0.0,0.0,0.0,1.0
0.6570303138610819,0.799110350590501,0.0,0.0,0.0,0.0,1.0
0.578032500403402,-0.5951320384875833,0.0,0.0,0.0,0.0,0.0
-0.7072389822755191,-0.34603354885355114,0.0,0.0,0.0,0.0,1.0
0.9348091841787476,1.2798281252699175,0.0,0.0,0.0,0.0,0.0
0.7180601208240588,-0.8610670832984558,0.0,0.0,0.0,0.0,0.0
-0.3807374806420299,-0.5139940141592837,0.0,0.0,0.0,0.0,1.0
-2.4365933527065464,0.8995700869315559,0.0,0.0,0.0,0.0,1.0
1.3298917262755043,0.7150605387290958,0.0,0.0,0.0,0.0,1.0
0.3492258400318672,-0.7388973648698265,0.0,0.0,0.0,0.0,0.0
0.8356709719707119,1.4664075064374262,0.0,0.0,0.0,0.0,0.0
-1.4444153686384291,0.7183263548601354,0.0,0.0,0.0,0.0,1.0
-1.4506960318023343,-0.6010848683509122,0.0,0.0,0.0,0.0,0.0
-1.6122843506692701,-0.5028846937100363,0.0,0.0,0.0,0.0,0.0
0.8938950041844614,1.4389078971393272,0.0,0.0,0.0,0.0,0.0
-2.3154626403005123,-0.9170072832082279,0.0,0.0,0.0,0.0,0.0
-0.9895385086427977,0.8453933015111478,0.0,0.0,0.0,0.0,1.0
0.7560281697522077,-0.5295363431693489,0.0,0.0,0.0,0.0,0.0
-0.9220526713556205,0.0906136636529013,0.0,0.0,0.0,0.0,1.0
-0.23531875935562382,-0.5425183210344181,0.0,0.0,0.0,0.0,1.0
1.0458352360495313,0.6072116535591402,0.0,0.0,0.0,0.0,1.0
0.8616101219525971,1.0489402255086409,0.0,0.0,0.0,0.0,0.0
0.6690476258138319,-0.9726798836468011,0.0,0.0,0.0,0.0,0.0
0.8379465683675064,0.09783150133979089,0.0,0.0,0.0,0.0,0.0
-1.2434538874743906,0.7764788486241431,0.0,0.0,0.0,0.0,1.0
0.4328976716379467,-1.025602572949206,0.0,0.0,0.0,0.0,0.0
-0.1226942440071716,0.4820561186945509,0.0,0.0,0.0,0.0,1.0
0.07559750277152717,1.0047539892669926,0.0,0.0,0.0,0.0,1.0
0.4048102167950105,-1.5076815583802565,0.0,0.0,0.0,0.0,0.0
-1.6313850527104365,-0.9420630370855491,0.0,0.0,0.0,0.0,1.0
-0.10967403863344616,-1.3938984691690701,0.0,0.0,0.0,0.0,1.0
0.9597526621798464,-0.700171401415546,0.0,0.0,0.0,0.0,0.0
1.1150119247270462,-0.43875992864309715,0.0,0.0,0.0,0.0,0.0
-0.600460929995131,1.1653457586833167,0.0,0.0,0.0,0.0,1.0
0.6619998249413811,1.4081308714885996,0.0,0.0,0.0,0.0,0.0
0.7034609486883355,-0.22079038781531918,0.0,0.0,0.0,0.0,0.0
0.675970167001239,0.7011436515773788,0.0,0.0,0.0,0.0,1.0
-1.2990120481949698,-0.0734532040056909,0.0,0.0,0.0,0.0,1.0
-0.9513348228512383,-0.16552977945794312,0.0,0.0,0.0,0.0,0.0
-1.4688462259738968,1.022981928986221,0.0,0.0,0.0,0.0,1.0
0.5738130102660393,-0.3380443284107916,0.0,0.0,0.0,0.0,0.0
0.7706625405171746,-1.2667045180191552,0.0,0.0,0.0,0.0,0.0
2.285813458198334,0.4030777918608011,0.0,0.0,0.0,0.0,1.0
1.1612478394829011,0.7606504135303745,0.0,0.0,0.0,0.0,1.0
0.6356352120185413,0.5632438888709358,0.0,0.0,0.0,0.0,0.0
-1.902586316190022,1.0052104445068746,0.0,0.0,0.0,0.0,1.0
1.0175230694053907,-1.0455544207407892,0.0,0.0,0.0,0.0,0.0
-2.222159416455385,-0.7967081516479949,0.0,0.0,0.0,0.0,0.0
-0.38225994534340535,-0.3259835781034714,0.0,0.0,0.0,0.0,1.0
-0.06283981120214199,-0.5954323926673825,0.0,0.0,0.0,0.0,0.0
0.7338925828476226,0.7051403456648809,0.0,0.0,0.0,0.0,0.0
1.4039987743785505,-0.7603209172556072,0.0,0.0,0.0,0.0,0.0
0.07624678424854836,-0.8270572522431504,0.0,0.0,0.0,0.0,0.0
-2.176408354245928,-0.980363338122677,0.0,0.0,0.0,0.0,0.0
-0.465718636806365,-0.09720141120931754,0.0,0.0,0.0,0.0,1.0
0.8743968472805487,0.6525785786478105,0.0,0.0,0.0,0.0,1.0
-3.3806577224775762,-0.8280199890569804,0.0,0.0,0.0,0.0,0.0
-1.8356564929193784,-1.118824533635486,0.0,0.0,0.0,0.0,0.0
-0.8855954729807773,0.41277246047922606,0.0,0.0,0.0,0.0,1.0
-1.2706397690241709,-0.3243741151565103,0.0,0.0,0.0,0.0,1.0
-0.05285735878934477,0.5112313329341595,0.0,0.0,0.0,0.0,1.0
0.7537647884847508,-0.9089117545359827,0.0,0.0,0.0,0.0,0.0
-1.1313737730751836,-0.8752751535724141,0.0,0.0,0.0,0.0,0.0
0.9272446967426522,-0.6501144334062444,0.0,0.0,0.0,0.0,0.0
0.5869061652534973,-2.558087997164851,0.0,0.0,0.0,0.0,0.0
-0.6396789134459169,1.2903463159165682,0.0,0.0,0.0,0.0,1.0
-1.2503707371501276,-0.9087499969116472,0.0,0.0,0.0,0.0,0.0
0.2520615037284541,-1.005140230039258,0.0,0.0,0.0,0.0,0.0
0.4997390327351716,-1.6055554716390463,0.0,0.0,0.0,0.0,0.0
0.8795087454581096,0.4778635733907489,0.0,0.0,0.0,0.0,0.0
-0.6790327338340405,0.5996360325087524,0.0,0.0,0.0,0.0,1.0
-1.5421821001105604,-1.0348785618350949,0.0,0.0,0.0,0.0,0.0
0.9853167176335791,1.9744466871140278,0.0,0.0,0.0,0.0,0.0
-0.5186255941442284,0.5670993072627568,0.0,0.0,0.0,0.0,1.0
0.2353233171374524,0.641158355385231,0.0,0.0,0.0,0.0,1.0
0.7596767733175472,0.2834127787807802,0.0,0.0,0.0,0.0,0.0
-0.9646640924227777,0.6372911222014562,0.0,0.0,0.0,0.0,1.0
0.2320724681719963,-0.7324604288883285,0.0,0.0,0.0,0.0,0.0
-0.42044357752680633,0.1915105313010273,0.0,0.0,0.0,0.0,1.0
-0.6947007477594686,0.6747891437970839,0.0,0.0,0.0,0.0,1.0
-0.9562552854206393,0.8440433077298374,0.0,0.0,0.0,0.0,1.0
-1.9117259059723644,-0.33876887634849384,0.0,0.0,0.0,0.0,0.0
1.0509526202768926,-0.9002128542534066,0.0,0.0,0.0,0.0,0.0
0.8854483461408876,0.6911944280380105,0.0,0.0,0.0,0.0,0.0
0.6020849346304593,0.45110657444165186,0.0,0.0,0.0,0.0,1.0
-0.5488031105977932,0.41470134965744787,0.0,0.0,0.0,0.0,1.0
0.8617353621025194,0.6439988899482092,0.0,0.0,0.0,0.0,0.0
0.9637715743278992,-0.5255233247728792,0.0,0.0,0.0,0.0,0.0
-0.018150788157742546,-0.7366493385654209,0.0,0.0,0.0,0.0,0.0
-1.223695759770142,-1.147789639164526,0.0,0.0,0.0,0.0,1.0
0.6447030964113428,-2.1598271023112052,0.0,0.0,0.0,0.0,0.0
1.306032546584063,0.2771107041534943,0.0,0.0,0.0,0.0,1.0
-0.07651973644581199,-0.6542332952794582,0.0,0.0,0.0,0.0,0.0
0.34661921322246664,0.6976900970041032,0.0,0.0,0.0,0.0,1.0
-1.5200820976044334,-0.9385783729054822,0.0,0.0,0.0,0.0,0.0
-1.0269770790664887,1.033766576872801,0.0,0.0,0.0,0.0,1.0
-1.2498944986963583,-1.138053032301536,0.0,0.0,0.0,0.0,0.0
-0.3749193619069009,-1.2904195805405352,0.0,0.0,0.0,0.0,1.0
1.9148877674377598,-0.5011737673321504,0.0,0.0,0.0,0.0,0.0
0.736007629409637,-0.6337929204637227,0.0,0.0,0.0,0.0,0.0
-0.11401712212942834,-0.4765980973880805,0.0,0.0,0.0,0.0,0.0
0.7972020075900269,1.3263745822094197,0.0,0.0,0.0,0.0,0.0
-0.48484639310438016,0.5173000548045287,0.0,0.0,0.0,0.0,1.0
-2.1871884776243733,0.9310784418913449,0.0,0.0,0.0,0.0,1.0
1.2430437983802807,0.6314049891758438,0.0,0.0,0.0,0.0,1.0
-0.4873709904895422,0.33881624254783177,0.0,0.0,0.0,0.0,1.0
0.6732393750410881,-0.7493639216773653,0.0,0.0,0.0,0.0,0.0
-0.8871177443102541,-0.36590308288452056,0.0,0.0,0.0,0.0,1.0
1.67399029913975,-0.3934665989179077,0.0,0.0,0.0,0.0,0.0
-0.5437887702140118,-0.20424187906692198,0.0,0.0,0.0,0.0,1.0
0.44466224222998285,-0.5806709232331579,0.0,0.0,0.0,0.0,0.0
-0.4953837719326431,0.9079645274311583,0.0,0.0,0.0,0.0,1.0
-1.0802492785044142,-0.1836673876060181,0.0,0.0,0.0,0.0,0.0
-1.1676932309626873,-0.9320928102923989,0.0,0.0,0.0,0.0,0.0
-0.9349798371951251,-0.5304128836521418,0.0,0.0,0.0,0.0,0.0
0.9830496200014165,-0.8252659961393408,0.0,0.0,0.0,0.0,0.0
3.18161007980091,-1.1742300850132446,0.0,0.0,0.0,0.0,0.0
0.08167746215378506,-0.6860537174106647,0.0,0.0,0.0,0.0,0.0
3.03432496034327,0.3320426121856634,0.0,0.0,0.0,0.0,1.0
-0.44902974586530436,-0.46996530373115575,0.0,0.0,0.0,0.0,1.0
1.255818592696883,0.6457571545557874,0.0,0.0,0.0,0.0,1.0
-0.841742917934107,0.621662035770077,0.0,0.0,0.0,0.0,1.0
-0.8063832763246754,-0.5908042223291763,0.0,0.0,0.0,0.0,1.0
0.6263123996482127,-1.6264693622963942,0.0,0.0,0.0,0.0,0.0
-0.08231202850101886,1.3260366011891356,0.0,0.0,0.0,0.0,1.0
0.30011787805323953,-0.4638148224444504,0.0,0.0,0.0,0.0,0.0
-0.10529023750159883,0.5525203569208001,0.0,0.0,0.0,0.0,1.0
-0.5706404277313071,-0.770265594149949,0.0,0.0,0.0,0.0,0.0
0.2917156770302387,0.5578813209580668,0.0,0.0,0.0,0.0,1.0
-1.1960220963326818,-0.24732613112844717,0.0,0.0,0.0,0.0,1.0
0.6373754206674802,0.6251116921680517,0.0,0.0,0.0,0.0,0.0
-0.7630650447065529,-0.6669460503631189,0.0,0.0,0.0,0.0,0.0
2.200931364776127,-0.6097644635037519,0.0,0.0,0.0,0.0,0.0
-0.7551480374751102,0.7103347904915317,0.0,0.0,0.0,0.0,1.0
-2.2242467984140744,-0.5913174238507182,0.0,0.0,0.0,0.0,0.0
-0.0206872702894322,1.0568481129566745,0.0,0.0,0.0,0.0,1.0
-0.666506195261617,0.40033572644881893,0.0,0.0,0.0,0.0,1.0
0.39864370577421615,1.2686389002899072,0.0,0.0,0.0,0.0,0.0
-0.41491320699774575,1.0301603600609148,0.0,0.0,0.0,0.0,1.0
-1.8389547372128812,1.0199674392734863,0.0,0.0,0.0,0.0,1.0
-1.544584186878414,-1.3156847997731873,0.0,0.0,0.0,0.0,1.0
0.6498889819751543,0.5784152588281626,0.0,0.0,0.0,0.0,0.0
-1.5451943030543829,-1.210673496854271,0.0,0.0,0.0,0.0,0.0
-0.9087080624238749,-0.515172402426264,0.0,0.0,0.0,0.0,1.0
-0.5574954768321753,-0.562204780870574,0.0,0.0,0.0,0.0,1.0
-1.1852635971450591,1.1625465973487688,0.0,0.0,0.0,0.0,1.0
-0.8272470991507577,1.4225185332723957,0.0,0.0,0.0,0.0,1.0
0.5961377071996583,0.619811587416016,0.0,0.0,0.0,0.0,0.0
0.8507068954719166,1.8660384913657502,0.0,0.0,0.0,0.0,0.0
-2.486258915234487,-1.0619021811703817,0.0,0.0,0.0,0.0,0.0
0.07035513356104574,0.644156732311102,0.0,0.0,0.0,0.0,1.0
-0.8709396980704265,1.2032026329890493,0.0,0.0,0.0,0.0,1.0
0.5420372790163145,-2.4848851763762534,0.0,0.0,0.0,0.0,0.0
1.1502217312671161,-1.1306324295863246,0.0,0.0,0.0,0.0,0.0
-1.1078618512428717,0.3587854043092092,0.0,0.0,0.0,0.0,1.0
-1.2905798843688312,0.9469994401260595,0.0,0.0,0.0,0.0,1.0
1.4264906527717007,0.9550101069454466,0.0,0.0,0.0,0.0,1.0
-0.5782772011701378,-1.4463925861759994,0.0,0.0,0.0,0.0,1.0
-0.8068975642822837,0.7306249605892404,0.0,0.0,0.0,0.0,1.0
-0.06111880718560278,0.7508658018303977,0.0,0.0,0.0,0.0,1.0
0.7362429428655394,-0.9421245068677508,0.0,0.0,0.0,0.0,0.0
0.21477369186105105,0.7141721061204593,0.0,0.0,0.0,0.0,1.0
-0.6718719159428949,-1.0804207497064697,0.0,0.0,0.0,0.0,0.0
-0.43315616179263183,-1.112932076324599,0.0,0.0,0.0,0.0,0.0
0.4965729414488141,-0.12585453972298496,0.0,0.0,0.0,0.0,0.0
0.07037143265036473,0.752260082832348,0.0,0.0,0.0,0.0,1.0
-0.9727934181440874,1.044587069764414,0.0,0.0,0.0,0.0,1.0
-0.36998146965517986,-0.0781422843154531,0.0,0.0,0.0,0.0,1.0
-1.486849183383056,-0.9118396092089681,0.0,0.0,0.0,0.0,1.0
0.9512111141099809,-0.5174205560680606,0.0,0.0,0.0,0.0,0.0
-1.1476819037201498,-0.13968059863725657,0.0,0.0,0.0,0.0,1.0
0.6666340265680637,-1.188719434363957,0.0,0.0,0.0,0.0,0.0
-1.4143550047753608,0.07889821815324453,0.0,0.0,0.0,0.0,1.0
0.5426786682855278,-0.37073679666329173,0.0,0.0,0.0,0.0,0.0
1.7506238680295392,-0.9583018482246933,0.0,0.0,0.0,0.0,0.0
-1.8919018606378888,1.0422045828747861,0.0,0.0,0.0,0.0,1.0
-0.9790207175849747,-0.43073770987014937,0.0,0.0,0.0,0.0,1.0
-1.4442364681239437,-0.4210171298927706,0.0,0.0,0.0,0.0,0.0
0.31050069848714984,-0.7527091505518405,0.0,0.0,0.0,0.0,0.0
-0.5076866544475739,-0.6598646825664501,0.0,0.0,0.0,0.0,0.0
-1.3566288466191379,-0.40853990968665543,0.0,0.0,0.0,0.0,1.0
0.7107945702919873,-0.6248449024185679,0.0,0.0,0.0,0.0,0.0
-0.6917629499459663,-0.39423375813229455,0.0,0.0,0.0,0.0,1.0
-0.8767958913994272,-0.3223668998710546,0.0,0.0,0.0,0.0,1.0
0.904812209686725,0.5666653819914942,0.0,0.0,0.0,0.0,0.0
1.2735756121614579,-0.46615072106549116,0.0,0.0,0.0,0.0,0.0
0.641196492505814,-2.428877072715872,0.0,0.0,0.0,0.0,0.0
0.9161179694828445,0.7548347480185505,0.0,0.0,0.0,0.0,1.0
-0.738810428316148,-0.6490988442647697,0.0,0.0,0.0,0.0,0.0
-0.11921903574460305,0.550100061734227,0.0,0.0,0.0,0.0,1.0
-0.608042556488604,1.7429218365106132,0.0,0.0,0.0,0.0,1.0
-0.2539538338520854,-0.023390795902412238,0.0,0.0,0.0,0.0,1.0
-0.16025944002861997,0.7648555417333344,0.0,0.0,0.0,0.0,1.0
2.828770514980602,-0.9497310579229112,0.0,0.0,0.0,0.0,1.0
1.54182333277799,-0.43382577082300744,0.0,0.0,0.0,0.0,0.0
0.2194794182712937,-0.6068471017022652,0.0,0.0,0.0,0.0,0.0
3.475292399943612,0.3869304434742742,0.0,0.0,0.0,0.0,1.0
0.574021880570732,0.8747430631337683,0.0,0.0,0.0,0.0,1.0
0.9319122432223995,-1.5465510121453954,0.0,0.0,0.0,0.0,0.0
-0.48788462118871284,-0.7711921734899349,0.0,0.0,0.0,0.0,0.0
0.5330202485270401,-1.6342680374058018,0.0,0.0,0.0,0.0,0.0
-1.3589630545352835,-1.0485880476525435,0.0,0.0,0.0,0.0,1.0
1.238721606408801,0.5727818236365643,0.0,0.0,0.0,0.0,1.0
-0.23773887420279666,-0.28495129118956625,0.0,0.0,0.0,0.0,1.0
0.21958336685503932,0.46841257988305296,0.0,0.0,0.0,0.0,1.0
-0.24567233916172804,0.3975840803292151,0.0,0.0,0.0,0.0,1.0
1.4314347887008647,0.6272736486904172,0.0,0.0,0.0,0.0,1.0
-0.41912418095672055,0.6678288678821251,0.0,0.0,0.0,0.0,1.0
0.031591014071968654,-0.5948786827298007,0.0,0.0,0.0,0.0,0.0
0.18483420025122468,-0.32229621907520173,0.0,0.0,0.0,0.0,0.0
0.6560318327007433,0.48651049171351024,0.0,0.0,0.0,0.0,0.0
-0.7174288609830946,0.26510366688538956,0.0,0.0,0.0,0.0,1.0
-0.82612047141496,0.9802632741462799,0.0,0.0,0.0,0.0,1.0
0.6612584416454818,1.0859881884729214,0.0,0.0,0.0,0.0,0.0
0.5766840698120662,0.6893953474909812,0.0,0.0,0.0,0.0,1.0
-0.6068188387162802,0.8021897020869395,0.0,0.0,0.0,0.0,1.0
0.8456396742863026,-0.5780347893131762,0.0,0.0,0.0,0.0,0.0
0.6226904242694142,-1.6330984823773569,0.0,0.0,0.0,0.0,0.0
0.3640058053887408,-0.7138970997333426,0.0,0.0,0.0,0.0,0.0
1.1064173936494335,-0.29082855730143164,0.0,0.0,0.0,0.0,0.0
0.006048818165082715,-0.5187936505160631,0.0,0.0,0.0,0.0,0.0
-0.5622284732555836,0.4074497338041515,0.0,0.0,0.0,0.0,1.0
1.0488376630109142,-0.6887786386643298,0.0,0.0,0.0,0.0,0.0
-0.47260485088073545,-0.8754756356343262,0.0,0.0,0.0,0.0,1.0
-0.8549819757815111,-0.9986954050900678,0.0,0.0,0.0,0.0,0.0
-0.49343650581071513,-0.857358792537061,0.0,0.0,0.0,0.0,1.0
-2.6668346017243096,1.030696273352634,0.0,0.0,0.0,0.0,1.0
0.30006345622097425,0.3421958290674852,0.0,0.0,0.0,0.0,1.0
0.6852215218293314,-0.5335749769057144,0.0,0.0,0.0,0.0,0.0
1.6461224708633326,0.7588342667206748,0.0,0.0,0.0,0.0,1.0
-0.025406914268127592,-0.815954546661429,0.0,0.0,0.0,0.0,0.0
0.04655151363370676,-1.1667382299164422,0.0,0.0,0.0,0.0,1.0
-2.0702219350345903,0.9864058908771942,0.0,0.0,0.0,0.0,1.0
-0.5737162662030982,0.26141463653217933,0.0,0.0,0.0,0.0,1.0
0.8046970090721524,-0.13228050694455534,0.0,0.0,0.0,0.0,0.0
-0.8296577864518709,-0.618588958637757,0.0,0.0,0.0,0.0,0.0
-1.1365549859520496,0.2779892459909698,0.0,0.0,0.0,0.0,1.0
-0.39080263145897565,-0.6707287328731487,0.0,0.0,0.0,0.0,0.0
-0.8407763110331584,-0.9243228533860454,0.0,0.0,0.0,0.0,0.0
0.8084400281512701,0.524697807937987,0.0,0.0,0.0,0.0,1.0
1.0978371458631582,0.48953539172352106,0.0,0.0,0.0,0.0,1.0
-0.5500820350791,-0.47288927210151804,0.0,0.0,0.0,0.0,0.0
0.6232775258595089,0.2939653602615195,0.0,0.0,0.0,0.0,1.0
0.6645122408949798,-1.7805376535772721,0.0,0.0,0.0,0.0,0.0
-0.7768904060008289,-1.6319604548551427,0.0,0.0,0.0,0.0,1.0
1.7063926544996963,-0.5003681832983777,0.0,0.0,0.0,0.0,0.0
0.41442903094536737,-0.6595107960764267,0.0,0.0,0.0,0.0,0.0
1.0991808655643658,0.6744057051173494,0.0,0.0,0.0,0.0,1.0
1.3838179213694417,-0.24493464277816787,0.0,0.0,0.0,0.0,0.0
-1.4737359745587304,-0.4962322872710002,0.0,0.0,0.0,0.0,0.0
-1.367278013180594,0.3615148232886446,0.0,0.0,0.0,0.0,1.0
-0.5781311797817241,1.1252838634845397,0.0,0.0,0.0,0.0,1.0
0.6419120797921565,-0.6787950939243803,0.0,0.0,0.0,0.0,0.0
-0.5891986030892076,0.38781175715305055,0.0,0.0,0.0,0.0,1.0
-0.22030459990920426,-0.2621382777860827,0.0,0.0,0.0,0.0,0.0
-0.2362438765995515,0.5331836624513315,0.0,0.0,0.0,0.0,1.0
0.5503617516081005,-0.6639962780417236,0.0,0.0,0.0,0.0,0.0
-0.9224247728395768,-1.3829139190747377,0.0,0.0,0.0,0.0,1.0
-1.1308156927304582,1.011527116578229,0.0,0.0,0.0,0.0,1.0
1.4911707030448524,0.5650005178413815,0.0,0.0,0.0,0.0,1.0
0.6668067888318766,0.16640821854646193,0.0,0.0,0.0,0.0,0.0
0.47468701798502805,-0.0682120013296976,0.0,0.0,0.0,0.0,0.0
0.7417962316096242,-0.803117811560771,0.0,0.0,0.0,0.0,0.0
-0.554046775030635,0.19399045936038603,0.0,0.0,0.0,0.0,1.0
-0.16025962948074643,0.5931843435736447,0.0,0.0,0.0,0.0,1.0
0.6902008959959358,0.685212127179135,0.0,0.0,0.0,0.0,0.0
-0.5998993815938479,-0.5788097371839322,0.0,0.0,0.0,0.0,0.0
-0.8184852977847785,0.6701795641988152,0.0,0.0,0.0,0.0,1.0
0.7960365572864223,-0.10926265550556256,0.0,0.0,0.0,0.0,0.0
0.9228896416411656,-0.26515528870431715,0.0,0.0,0.0,0.0,0.0
0.8100914409154125,1.2734024839708693,0.0,0.0,0.0,0.0,0.0
-2.7896344892587166,-0.97806326029004,0.0,0.0,0.0,0.0,0.0
-0.9844913805195462,-1.2839886882396014,0.0,0.0,0.0,0.0,1.0
-0.9809035672791913,0.8408817418606023,0.0,0.0,0.0,0.0,1.0
-0.5094095268492372,-0.29326239036497004,0.0,0.0,0.0,0.0,1.0
-0.7826502307683157,0.636582725029958,0.0,0.0,0.0,0.0,1.0
0.7342892245631775,-1.9395029636893633,0.0,0.0,0.0,0.0,0.0
-1.122657986688584,0.9039805918257696,0.0,0.0,0.0,0.0,1.0
-0.31532398661279293,0.6960032856644881,0.0,0.0,0.0,0.0,1.0
0.7973577261249354,1.0117861406814832,0.0,0.0,0.0,0.0,0.0
0.10819959550658902,0.9095560963155074,0.0,0.0,0.0,0.0,1.0
-0.049891123611527796,0.8334773541690775,0.0,0.0,0.0,0.0,1.0
-0.19505991653959892,0.34000213604620944,0.0,0.0,0.0,0.0,1.0
-1.342567620537628,0.8688828190882897,0.0,0.0,0.0,0.0,1.0
-0.9346386282465811,0.3906270299003373,0.0,0.0,0.0,0.0,1.0
0.6219522568618767,-0.16106649678210372,0.0,0.0,0.0,0.0,0.0
0.17303875658655948,0.977182769486408,0.0,0.0,0.0,0.0,1.0
0.47058211889751805,-2.380668330763749,0.0,0.0,0.0,0.0,0.0
-0.9427867033161859,-0.33429940151304516,0.0,0.0,0.0,0.0,0.0
0.8494427788407789,-0.21432696995463196,0.0,0.0,0.0,0.0,0.0
-1.1327255935906728,-1.1127854804386614,0.0,0.0,0.0,0.0,1.0
-0.5311608267467127,1.0907103096669006,0.0,0.0,0.0,0.0,1.0
-0.47524402943916355,0.8061668827398513,0.0,0.0,0.0,0.0,1.0
-0.8341196033343803,-0.7109098315852928,0.0,0.0,0.0,0.0,1.0
0.31497124824532996,3.2008863390694366,0.0,0.0,0.0,0.0,0.0
-1.9749453060432856,-0.1482897814706241,0.0,0.0,0.0,0.0,0.0
-0.3747034755435239,-0.8972278381034199,0.0,0.0,0.0,0.0,0.0
-3.08277284442945,1.110416751639809,0.0,0.0,0.0,0.0,1.0
-0.13609654257806694,1.2892630383939487,0.0,0.0,0.0,0.0,1.0
2.323449358282907,-1.2397555352791012,0.0,0.0,0.0,0.0,0.0
0.6574548827557154,-0.454367275774592,0.0,0.0,0.0,0.0,0.0
-0.812294240475773,0.31907999318854136,0.0,0.0,0.0,0.0,1.0
-2.173858358544093,1.0863381877054112,0.0,0.0,0.0,0.0,1.0
-0.9602633188149128,-0.9613615294204484,0.0,0.0,0.0,0.0,0.0
-2.477040759171772,0.9728667885528939,0.0,0.0,0.0,0.0,1.0
-0.34949907745465036,0.4184212695739751,0.0,0.0,0.0,0.0,1.0
-1.8335874401814631,-0.3166697488958849,0.0,0.0,0.0,0.0,0.0
0.7570892653695431,1.1912722957629835,0.0,0.0,0.0,0.0,0.0
0.6581618215157401,-0.4253734678543975,0.0,0.0,0.0,0.0,0.0
-0.6867432547768091,1.7821584296036186,0.0,0.0,0.0,0.0,1.0
1.186913181849744,-0.5121041280340805,0.0,0.0,0.0,0.0,0.0
-0.8675769374742407,0.95577790855405,0.0,0.0,0.0,0.0,1.0
-0.6755225998213987,1.383503458887875,0.0,0.0,0.0,0.0,1.0
-1.4650412676599676,0.8433796495613686,0.0,0.0,0.0,0.0,1.0
-2.5192205391715206,-0.960104428090526,0.0,0.0,0.0,0.0,0.0
-0.751976392302563,1.048270724982328,0.0,0.0,0.0,0.0,1.0
-1.160642669606968,0.7084763708140649,0.0,0.0,0.0,0.0,1.0
0.3842170563956793,-1.8330339190717249,0.0,0.0,0.0,0.0,0.0
0.46195322521235055,-1.2946653992908141,0.0,0.0,0.0,0.0,0.0
0.5580292577785929,0.9810765350082363,0.0,0.0,0.0,0.0,1.0
0.997465970745208,0.6029266379636389,0.0,0.0,0.0,0.0,0.0
-1.0513358826054493,-0.5277485681998593,0.0,0.0,0.0,0.0,0.0
-0.6691038499502195,0.6567366665174862,0.0,0.0,0.0,0.0,1.0
-1.1313129181316692,0.7647160855254337,0.0,0.0,0.0,0.0,1.0
0.7647003072739093,1.078896030601533,0.0,0.0,0.0,0.0,0.0
-0.7854771955507861,-0.33534423635140925,0.0,0.0,0.0,0.0,1.0
-0.17613385744609283,-0.715925559662722,0.0,0.0,0.0,0.0,0.0
-0.2344246149731089,0.6807376642740582,0.0,0.0,0.0,0.0,1.0
-0.8365520493237254,0.2897005022360512,0.0,0.0,0.0,0.0,1.0
0.6922171247939377,1.407955439591153,0.0,0.0,0.0,0.0,0.0
2.5773676110402404,-1.0483218175469093,0.0,0.0,0.0,0.0,0.0
0.6268313429814213,-0.4977700579223388,0.0,0.0,0.0,0.0,0.0
-0.5069053877617853,-0.521625115308593,0.0,0.0,0.0,0.0,0.0
0.43931242571863566,-1.16016050139043,0.0,0.0,0.0,0.0,0.0
-0.8480927085955895,0.18848870183358382,0.0,0.0,0.0,0.0,1.0
0.6740575835830288,0.7100767631380508,0.0,0.0,0.0,0.0,0.0
1.9235216321042001,0.4507872106845469,0.0,0.0,0.0,0.0,1.0
0.7573923033338601,1.4484080957263492,0.0,0.0,0.0,0.0,0.0
-1.521974130072837,-0.9132222539236988,0.0,0.0,0.0,0.0,0.0
0.5966202079225749,-1.156395839808876,0.0,0.0,0.0,0.0,0.0
0.7774093592869691,1.8858297625791614,0.0,0.0,0.0,0.0,0.0
-1.4027407173646007,-0.8071582921714416,0.0,0.0,0.0,0.0,0.0
-1.4733935736431425,-0.20570682223248918,0.0,0.0,0.0,0.0,1.0
-0.8093055902081007,-0.4734700089681459,0.0,0.0,0.0,0.0,1.0
-1.8983434381804594,-0.95499225708352,0.0,0.0,0.0,0.0,0.0
0.9245186192242784,2.533893151203574,0.0,0.0,0.0,0.0,0.0
1.3269301137227316,-0.7825612348495085,0.0,0.0,0.0,0.0,0.0
-0.401036836997434,0.3541959686873201,0.0,0.0,0.0,0.0,1.0
-0.22665681388386483,-0.4799706374257822,0.0,0.0,0.0,0.0,1.0
0.7815623443476662,0.3161643069300695,0.0,0.0,0.0,0.0,1.0
1.6749460388461568,0.5057570595737235,0.0,0.0,0.0,0.0,1.0
-0.9699764304852538,0.7702452560018253,0.0,0.0,0.0,0.0,1.0
-0.5544417750320625,-0.6736453619303515,0.0,0.0,0.0,0.0,0.0
-0.294085079914191,-0.3906889435730959,0.0,0.0,0.0,0.0,0.0
-0.06356118661274866,0.696181799919938,0.0,0.0,0.0,0.0,1.0
1.8803153259855767,0.29534352213045384,0.0,0.0,0.0,0.0,1.0
3.429427653280768,-0.8596802805453763,0.0,0.0,0.0,0.0,0.0
1.7979047032411386,-0.7481852086119919,0.0,0.0,0.0,0.0,0.0
-0.026434595164444828,0.7391227276392872,0.0,0.0,0.0,0.0,1.0
-1.1023245964646913,0.01637960932788869,0.0,0.0,0.0,0.0,1.0
-0.6097065058116266,-0.01314667142359813,0.0,0.0,0.0,0.0,1.0
-0.21612076484448364,-0.6084373917579089,0.0,0.0,0.0,0.0,0.0
0.5365721577612153,-1.2514283849169863,0.0,0.0,0.0,0.0,0.0
-0.7872639129212147,-0.5365973733487422,0.0,0.0,0.0,0.0,1.0
0.5824939375174151,-0.18094027940714957,0.0,0.0,0.0,0.0,0.0
-0.8184138418098897,-0.49482027094906167,0.0,0.0,0.0,0.0,1.0
-0.9480107404284093,-0.2151370346914819,0.0,0.0,0.0,0.0,1.0
1.1372006787966438,0.9207423970001966,0.0,0.0,0.0,0.0,1.0
-1.8401649335859096,0.6543083529151114,0.0,0.0,0.0,0.0,1.0
-0.8199999990405679,-0.9305533562531617,0.0,0.0,0.0,0.0,0.0
0.44970004821401033,-0.9789108126340373,0.0,0.0,0.0,0.0,0.0
0.9718732597881381,4.114061310997167,0.0,0.0,0.0,0.0,0.0
0.9881673192733295,1.2840397071475793,0.0,0.0,0.0,0.0,0.0
0.3894834812888559,-0.6882879805292335,0.0,0.0,0.0,0.0,0.0
0.41686262490047493,-0.7764709962066612,0.0,0.0,0.0,0.0,0.0
0.9954117320708864,0.524417462351088,0.0,0.0,0.0,0.0,1.0
-0.18694861764899293,0.8415217337632235,0.0,0.0,0.0,0.0,1.0
-1.060689504375212,0.31068927117429984,0.0,0.0,0.0,0.0,1.0
-0.9142196601217115,-1.195546490467501,0.0,0.0,0.0,0.0,1.0
0.746811716109366,0.22341057752682247,0.0,0.0,0.0,0.0,0.0
-1.5862912409774037,-0.8639217750641787,0.0,0.0,0.0,0.0,0.0
-0.6045569003506903,0.6237504120658257,0.0,0.0,0.0,0.0,1.0
0.853561041206409,-0.8071902338352246,0.0,0.0,0.0,0.0,0.0
-1.2001481966339158,0.7742588112203176,0.0,0.0,0.0,0.0,1.0
0.5357579118130785,0.2857173952644012,0.0,0.0,0.0,0.0,0.0
0.10355392627998448,1.0457950092102322,0.0,0.0,0.0,0.0,1.0
0.3837630175414642,0.6801720361417224,0.0,0.0,0.0,0.0,1.0
0.7685150159106978,0.7634139337493998,0.0,0.0,0.0,0.0,0.0
-0.027902248921778103,-0.9561828908477836,0.0,0.0,0.0,0.0,1.0
1.452483995316783,0.5388661252097224,0.0,0.0,0.0,0.0,1.0
-0.5402390912795163,1.055700985535559,0.0,0.0,0.0,0.0,1.0
0.7024099976260011,-1.9778477492591455,0.0,0.0,0.0,0.0,0.0
-0.782693118945734,-0.5024474056381143,0.0,0.0,0.0,0.0,0.0
0.6182080449542908,-1.3783429839677832,0.0,0.0,0.0,0.0,0.0
-0.0173336398189653,0.7268423376398171,0.0,0.0,0.0,0.0,1.0
1.1619085234171778,0.5547750670898669,0.0,0.0,0.0,0.0,1.0
-3.3277273806285375,1.3087310215192434,0.0,0.0,0.0,0.0,1.0
1.1948457335382727,-0.8396525798119537,0.0,0.0,0.0,0.0,0.0
1.338954052079728,0.26995405786402404,0.0,0.0,0.0,0.0,1.0
-1.5326793012241855,-1.2659003964578255,0.0,0.0,0.0,0.0,0.0
0.7257505788985396,-2.3137926826054684,0.0,0.0,0.0,0.0,0.0
-0.34631203638583063,0.9722131584754408,0.0,0.0,0.0,0.0,1.0
1.6577272106793055,-0.4074664833942012,0.0,0.0,0.0,0.0,0.0
0.6675782642055281,-1.1673009160515486,0.0,0.0,0.0,0.0,0.0
0.7920068881065531,0.7573360206927415,0.0,0.0,0.0,0.0,0.0
0.12770399824858872,-1.4551200544629799,0.0,0.0,0.0,0.0,1.0
0.7219046160575237,-1.2441292986828991,0.0,0.0,0.0,0.0,0.0
-1.77072499997449,-0.7894640302163912,0.0,0.0,0.0,0.0,0.0
-0.3909049430680981,-0.9554778651102406,0.0,0.0,0.0,0.0,1.0
0.9036404941111337,-0.7084190805039333,0.0,0.0,0.0,0.0,0.0
-0.7127510325586626,0.39055597276357035,0.0,0.0,0.0,0.0,1.0
-0.9104786094931382,-1.253887735764044,0.0,0.0,0.0,0.0,1.0
-0.30749273466070765,0.7682935680380599,0.0,0.0,0.0,0.0,1.0
0.8496858121753179,0.29097036196534476,0.0,0.0,0.0,0.0,1.0
-1.393429281061841,-0.8082076462645551,0.0,0.0,0.0,0.0,0.0
-0.944194913353074,0.7404128099735171,0.0,0.0,0.0,0.0,1.0
-0.6484518826148379,-0.11500971838635318,0.0,0.0,0.0,0.0,1.0
0.3615699005892398,0.556224599432328,0.0,0.0,0.0,0.0,1.0
1.6207519708357943,-0.7097785641123999,0.0,0.0,0.0,0.0,0.0
-0.20127238907145553,0.7332646547166506,0.0,0.0,0.0,0.0,1.0
0.6663585407415958,0.0030029996304609,0.0,0.0,0.0,0.0,0.0
-1.3576767439434294,-0.5106357964664561,0.0,0.0,0.0,0.0,0.0
0.8297347221272082,2.5462505190622418,0.0,0.0,0.0,0.0,0.0
0.7840288110903482,0.45802999447585374,0.0,0.0,0.0,0.0,0.0
0.8867190961792768,-1.4483570176309133,0.0,0.0,0.0,0.0,0.0
1.3157790142419474,0.6466199864599331,0.0,0.0,0.0,0.0,1.0
3.407404378412079,0.4426869772255191,0.0,0.0,0.0,0.0,1.0
0.6133368565435304,0.6598954573808876,0.0,0.0,0.0,0.0,1.0
-1.7544869453466747,0.7412291629233607,0.0,0.0,0.0,0.0,1.0
1.465545637677124,0.5629853505816769,0.0,0.0,0.0,0.0,1.0
0.8087197279103929,2.1309568417158524,0.0,0.0,0.0,0.0,0.0
-0.37530120062068706,0.1314339039931872,0.0,0.0,0.0,0.0,1.0
0.5485603643830224,-0.2831725899414416,0.0,0.0,0.0,0.0,0.0
-1.7746885183576115,-0.32316506406126744,0.0,0.0,0.0,0.0,0.0
-2.200625976175389,-0.8795623847444574,0.0,0.0,0.0,0.0,0.0
0.9689997221739106,1.0071951194079094,0.0,0.0,0.0,0.0,0.0
0.5182227785719644,-0.6246874908217901,0.0,0.0,0.0,0.0,0.0
-2.250916919865451,-0.14782872762989763,0.0,0.0,0.0,0.0,0.0
0.6993020246175781,-0.13245931061183044,0.0,0.0,0.0,0.0,0.0
1.7456005431414066,0.47193088371497205,0.0,0.0,0.0,0.0,1.0
0.2059328022025145,1.4564390202284598,0.0,0.0,0.0,0.0,1.0
0.2720281251081541,1.0508845484715075,0.0,0.0,0.0,0.0,1.0
1.3123731861921157,-1.1293642207004975,0.0,0.0,0.0,0.0,0.0
2.1069668349383996,0.3788469752576146,0.0,0.0,0.0,0.0,1.0
0.8311912625246163,2.9954068320051515,0.0,0.0,0.0,0.0,0.0
-0.2605054377404693,-0.46515437263800785,0.0,0.0,0.0,0.0,0.0
0.8103667882022727,-1.3986876420933834,0.0,0.0,0.0,0.0,0.0
-1.4084665808438663,-1.0879050470901297,0.0,0.0,0.0,0.0,1.0
0.9221322389957549,0.6016505573921789,0.0,0.0,0.0,0.0,1.0
-4.0699694494003955,1.0414357460801538,0.0,0.0,0.0,0.0,1.0
-0.9049421407524414,0.040837894787012614,0.0,0.0,0.0,0.0,1.0
1.9250003299778116,0.5561223937848309,0.0,0.0,0.0,0.0,1.0
-0.41006449754266555,0.48484763248295765,0.0,0.0,0.0,0.0,1.0
0.054655858025478364,-1.253412505985806,0.0,0.0,0.0,0.0,1.0
1.861385313752161,0.3515433921918291,0.0,0.0,0.0,0.0,1.0
-1.7162148669094917,1.088072713861144,0.0,0.0,0.0,0.0,1.0
1.2606288942863166,0.6284068747859978,0.0,0.0,0.0,0.0,1.0
0.6349790444965665,0.8877649742019778,0.0,0.0,0.0,0.0,0.0
1.2609368469183901,-0.5985148317289143,0.0,0.0,0.0,0.0,0.0
-0.7358443566078168,1.0295826059498865,0.0,0.0,0.0,0.0,1.0
-0.192703603827695,-0.6944202793945184,0.0,0.0,0.0,0.0,0.0
-0.8535637710892201,1.1016347777823707,0.0,0.0,0.0,0.0,1.0
1.3253634776054455,-0.8348216791537628,0.0,0.0,0.0,0.0,0.0
0.5883681775466995,1.2472020229517902,0.0,0.0,0.0,0.0,0.0
-0.4595026792844037,-1.2093351085599053,0.0,0.0,0.0,0.0,1.0
-1.397058390097385,-0.44523926065406655,0.0,0.0,0.0,0.0,0.0
0.5904956521100563,-0.7565150261847883,0.0,0.0,0.0,0.0,0.0
0.7272752322319402,0.45895351939381007,0.0,0.0,0.0,0.0,1.0
-0.10464250647029502,0.2600770515128029,0.0,0.0,0.0,0.0,1.0
-0.8286823297097413,0.4051697778764957,0.0,0.0,0.0,0.0,1.0
1.4782371952924314,0.7682148949174794,0.0,0.0,0.0,0.0,1.0
0.5995118007664524,0.43144873653910004,0.0,0.0,0.0,0.0,0.0
-1.0198150562694424,0.7422598339672912,0.0,0.0,0.0,0.0,1.0
-1.6175441410872462,-0.7989029378060923,0.0,0.0,0.0,0.0,0.0
-0.03452338297062977,-0.703488895383467,0.0,0.0,0.0,0.0,0.0
-1.813008406609898,-0.9285933417002029,0.0,0.0,0.0,0.0,0.0
-0.013269913440852684,1.531065402991696,0.0,0.0,0.0,0.0,1.0
0.5531433374771433,1.0118094038367014,0.0,0.0,0.0,0.0,1.0
0.9794576572548338,-0.5506049106417985,0.0,0.0,0.0,0.0,0.0
-0.07886133165989999,-0.32027670461213403,0.0,0.0,0.0,0.0,1.0
-0.985388492681935,-1.3467574104297064,0.0,0.0,0.0,0.0,1.0
-1.792426912820305,-0.9296840795474902,0.0,0.0,0.0,0.0,0.0
-1.563817589087516,-0.786733435772074,0.0,0.0,0.0,0.0,0.0
-0.42769791469677293,0.073519177486469,0.0,0.0,0.0,0.0,1.0
0.11155219886399094,0.7777151541453627,0.0,0.0,0.0,0.0,1.0
0.5939788477936871,-1.6492629090316029,0.0,0.0,0.0,0.0,0.0
0.6900304931364816,1.4156679601062339,0.0,0.0,0.0,0.0,0.0
-1.4305194412720459,-0.5957635422016898,0.0,0.0,0.0,0.0,0.0
0.8537563495607288,-0.8360228501948409,0.0,0.0,0.0,0.0,0.0
-0.7374860730243585,-0.5828294750361093,0.0,0.0,0.0,0.0,1.0
-0.6382579398192415,-0.797066073918523,0.0,0.0,0.0,0.0,0.0
-0.8175939517062885,0.6155098728876477,0.0,0.0,0.0,0.0,1.0
1.3311824670922334,-0.3549175624729374,0.0,0.0,0.0,0.0,0.0
-0.7877848292704744,0.20720865100774322,0.0,0.0,0.0,0.0,1.0
-0.5135223612241402,-0.85505069997166,0.0,0.0,0.0,0.0,0.0
0.001918123082857783,0.8436963856435199,0.0,0.0,0.0,0.0,1.0
-0.9512493528267445,0.6272461250832284,0.0,0.0,0.0,0.0,1.0
-1.2409897699978687,0.36446137850215027,0.0,0.0,0.0,0.0,1.0
1.014183493202318,0.2990363306745505,0.0,0.0,0.0,0.0,0.0
-1.0796538324488056,-1.1606082813384015,0.0,0.0,0.0,0.0,1.0
0.6489926181736673,0.3293180622086657,0.0,0.0,0.0,0.0,1.0
0.6342450578456622,0.5515364639573692,0.0,0.0,0.0,0.0,1.0
-1.4149050358430129,-0.28362458671286295,0.0,0.0,0.0,0.0,1.0
-0.8654164328549582,-0.4798483962098768,0.0,0.0,0.0,0.0,1.0
-1.1382762342787134,0.2962245337145981,0.0,0.0,0.0,0.0,1.0
0.5678263981176703,0.4880846275998304,0.0,0.0,0.0,0.0,0.0
0.642428097672117,-1.3594437073867884,0.0,0.0,0.0,0.0,0.0
0.8960327173444922,-1.3287816801459527,0.0,0.0,0.0,0.0,0.0
1.6871798091014147,-0.6576495542138684,0.0,0.0,0.0,0.0,0.0
-1.059380727770036,0.2651592033126606,0.0,0.0,0.0,0.0,1.0
-0.7011285502893206,0.5522086638629733,0.0,0.0,0.0,0.0,1.0
0.8971818174572528,-1.1237372266223595,0.0,0.0,0.0,0.0,0.0
-0.4416506315990651,0.8134450368438775,0.0,0.0,0.0,0.0,1.0
-0.3714022698136523,-0.3632963894356927,0.0,0.0,0.0,0.0,1.0
-1.5454161735597969,0.18362021968785178,0.0,0.0,0.0,0.0,1.0
0.4202922833113085,-0.5285197529085389,0.0,0.0,0.0,0.0,0.0
-0.541954001419162,0.6406984478021199,0.0,0.0,0.0,0.0,1.0
-0.2792051127810436,0.5939527882521212,0.0,0.0,0.0,0.0,1.0
0.9660019682033397,-1.0217693096940301,0.0,0.0,0.0,0.0,0.0
0.995854883883026,-0.442155221629356,0.0,0.0,0.0,0.0,0.0
-0.7844624998627545,0.64191614413307,0.0,0.0,0.0,0.0,1.0
-0.4294088351848591,0.7085213081137977,0.0,0.0,0.0,0.0,1.0
0.7475240698638216,-1.0583142239636392,0.0,0.0,0.0,0.0,0.0
0.7032225077998875,0.8019689581258126,0.0,0.0,0.0,0.0,0.0
-1.3060916662097082,-0.7251387814366717,0.0,0.0,0.0,0.0,1.0
-1.2337529593037329,-0.5325571502752763,0.0,0.0,0.0,0.0,0.0
-2.1059025754204588,-1.0490952690563318,0.0,0.0,0.0,0.0,0.0
-0.515905459214414,0.45909832121247834,0.0,0.0,0.0,0.0,1.0
1.5588825446778851,-0.3278031467223663,0.0,0.0,0.0,0.0,0.0
0.9397323026705946,0.7015077520429572,0.0,0.0,0.0,0.0,1.0
-1.4504493129939926,0.6332743782673986,0.0,0.0,0.0,0.0,1.0
1.225287395016574,-0.6850003399332596,0.0,0.0,0.0,0.0,0.0
-0.8344031824196344,-0.5557649148459212,0.0,0.0,0.0,0.0,1.0
0.6480301301072707,1.6774832291443413,0.0,0.0,0.0,0.0,0.0
-0.01828354531291158,-1.5779932536234662,0.0,0.0,0.0,0.0,1.0
0.5274216584867072,0.8393177966724908,0.0,0.0,0.0,0.0,1.0
0.16303958916834144,0.06957605797019906,0.0,0.0,0.0,0.0,1.0
-1.194202935986649,-0.6226192846647082,0.0,0.0,0.0,0.0,1.0
-0.3331988353643524,0.8575746418083673,0.0,0.0,0.0,0.0,1.0
-0.9047339438739047,-0.49543870393118244,0.0,0.0,0.0,0.0,0.0
-0.9154054431386136,-0.4219256436540491,0.0,0.0,0.0,0.0,0.0
-0.08593815820380012,-1.4749453621582074,0.0,0.0,0.0,0.0,0.0
-0.46034333152749707,-0.69919467704272,0.0,0.0,0.0,0.0,0.0
0.5452146521404297,-0.989447218479124,0.0,0.0,0.0,0.0,0.0
-0.23587952745653631,0.4603290508638387,0.0,0.0,0.0,0.0,1.0
0.0873652649112599,-0.8154244805414868,0.0,0.0,0.0,0.0,0.0
-1.6566268538083657,-1.0362293914927383,0.0,0.0,0.0,0.0,0.0
-0.5238305729965406,0.752301286559455,0.0,0.0,0.0,0.0,1.0
0.5363213926064784,-0.8613063150090455,0.0,0.0,0.0,0.0,0.0
1.5615259834914343,0.47828939749840393,0.0,0.0,0.0,0.0,1.0
-0.8902189628574297,-1.0508480362576496,0.0,0.0,0.0,0.0,0.0
0.7424645055195148,-0.07978542805031319,0.0,0.0,0.0,0.0,0.0
0.04969918626477642,-0.2637275808038483,0.0,0.0,0.0,0.0,1.0
0.5928186879920002,0.24630946967285705,0.0,0.0,0.0,0.0,0.0
-2.0386636360468557,-1.0698969359786583,0.0,0.0,0.0,0.0,0.0
-0.8442486294969596,0.04463474315316562,0.0,0.0,0.0,0.0,1.0
0.9179295535314109,0.7355155451291984,0.0,0.0,0.0,0.0,0.0
-1.575041566754837,-0.20498007782863778,0.0,0.0,0.0,0.0,1.0
-0.5935529161963291,-0.41128575424431046,0.0,0.0,0.0,0.0,1.0
0.6840241831830246,0.1554647776501317,0.0,0.0,0.0,0.0,0.0
2.9205936903236585,-0.6214848565894954,0.0,0.0,0.0,0.0,0.0
-0.9319660581091426,1.2720037020061534,0.0,0.0,0.0,0.0,1.0
-1.2987153850347366,-0.37990799043644236,0.0,0.0,0.0,0.0,1.0
0.24584825735090082,0.24358422976043398,0.0,0.0,0.0,0.0,1.0
0.6523306885745205,-1.4177657147445737,0.0,0.0,0.0,0.0,0.0
0.7872374653804403,0.7455625023275414,0.0,0.0,0.0,0.0,0.0
0.7390648728255779,-1.1244729967604443,0.0,0.0,0.0,0.0,0.0
0.9213720107476481,0.32076409123858196,0.0,0.0,0.0,0.0,0.0
0.6476151312793921,1.2534081887752249,0.0,0.0,0.0,0.0,0.0
-0.33356474386002527,0.7537932450435204,0.0,0.0,0.0,0.0,1.0
1.5566614886030616,-0.3205859581004305,0.0,0.0,0.0,0.0,0.0
-0.5997270254441219,0.5033759207233192,0.0,0.0,0.0,0.0,1.0
-0.8677283897587186,0.887112137451396,0.0,0.0,0.0,0.0,1.0
0.8829782790771873,-0.801713784884968,0.0,0.0,0.0,0.0,0.0
0.689162176185561,1.0195984592993164,0.0,0.0,0.0,0.0,0.0
0.6920251594760438,-1.317278552724443,0.0,0.0,0.0,0.0,0.0
2.113303038977294,0.84011982113104,0.0,0.0,0.0,0.0,1.0
0.4351946362025507,-1.814592157791822,0.0,0.0,0.0,0.0,0.0
0.800834620052952,-0.9420439559748399,0.0,0.0,0.0,0.0,0.0
-1.1073970610687762,-0.8711452959069573,0.0,0.0,0.0,0.0,1.0
-0.03819698520345082,-0.7608774444435923,0.0,0.0,0.0,0.0,0.0
-1.4727061350016524,-0.8245129943447842,0.0,0.0,0.0,0.0,0.0
-1.394258885196301,0.47355703209132,0.0,0.0,0.0,0.0,1.0
-0.12459166099934385,-1.198588587374354,0.0,0.0,0.0,0.0,0.0
-0.33250769562608884,-0.2877519224221197,0.0,0.0,0.0,0.0,0.0
0.516405701188113,0.03765847695757158,0.0,0.0,0.0,0.0,0.0
0.6874906678515373,0.5680760702732702,0.0,0.0,0.0,0.0,0.0
-0.18812251067946573,-0.7094981031833305,0.0,0.0,0.0,0.0,0.0
-0.6829370224173597,1.2095605703471477,0.0,0.0,0.0,0.0,1.0
1.7601006203576512,-0.6666825456580662,0.0,0.0,0.0,0.0,0.0
0.8600714449065169,-0.4703026193810295,0.0,0.0,0.0,0.0,0.0
0.862256281239564,-0.3345087089443269,0.0,0.0,0.0,0.0,0.0
-1.1948569555610569,-0.7652614678140697,0.0,0.0,0.0,0.0,1.0
-1.618229167148133,1.1029704754030842,0.0,0.0,0.0,0.0,1.0
-1.3112683180066456,1.0173055778644045,0.0,0.0,0.0,0.0,1.0
-1.4870120331206635,0.5727214539981565,0.0,0.0,0.0,0.0,1.0
-0.787412304559256,-0.6800424478218823,0.0,0.0,0.0,0.0,0.0
-0.6367415893624505,1.9656841741991806,0.0,0.0,0.0,0.0,1.0
-0.819837478135038,1.0067917073649681,0.0,0.0,0.0,0.0,1.0
0.7162721122466018,-2.041307600725986,0.0,0.0,0.0,0.0,0.0
-0.21566973233990577,0.7765223400377278,0.0,0.0,0.0,0.0,1.0
0.6852501953027864,-0.5147016842059384,0.0,0.0,0.0,0.0,0.0
1.1022376813397572,-0.6313231521224733,0.0,0.0,0.0,0.0,0.0
-0.5567358266349937,1.0432049160526657,0.0,0.0,0.0,0.0,1.0
1.209099458605122,0.7651926542350947,0.0,0.0,0.0,0.0,1.0
0.7276344188844882,0.20524259568315337,0.0,0.0,0.0,0.0,0.0
-0.9182290327670533,-0.7830331422550468,0.0,0.0,0.0,0.0,0.0
0.328325805728647,-0.7286147553476491,0.0,0.0,0.0,0.0,0.0
-0.9841856445803067,0.39236293388692095,0.0,0.0,0.0,0.0,1.0
0.5909280483061826,-0.4879529850686491,0.0,0.0,0.0,0.0,0.0
2.6298768882633503,0.33174285100607803,0.0,0.0,0.0,0.0,1.0
0.30799663347866485,-0.7916363268691193,0.0,0.0,0.0,0.0,0.0
0.5418617876061844,-0.17761150792342265,0.0,0.0,0.0,0.0,0.0
-1.3709583635098073,1.0997120276026553,0.0,0.0,0.0,0.0,1.0
-0.25052515368474526,1.8080221406676242,0.0,0.0,0.0,0.0,1.0
-0.22546399568548223,-0.9328845890295105,0.0,0.0,0.0,0.0,0.0
0.7426394309158793,2.4101657522716797,0.0,0.0,0.0,0.0,0.0
-0.6851279274067937,-0.4724999071891323,0.0,0.0,0.0,0.0,1.0
-1.096513965903394,-1.1916172432419925,0.0,0.0,0.0,0.0,1.0
0.6195802081045525,-1.0489047135567422,0.0,0.0,0.0,0.0,0.0
0.9541491331952031,-0.6951147069167957,0.0,0.0,0.0,0.0,0.0
0.2423221639004135,0.7558157571541896,0.0,0.0,0.0,0.0,1.0
-0.3913979771696444,-0.9724504366902346,0.0,0.0,0.0,0.0,0.0
-1.0477518402885801,0.7300686309629109,0.0,0.0,0.0,0.0,1.0
0.6753995034940371,-1.498806727290394,0.0,0.0,0.0,0.0,0.0
0.9235095007843945,0.6566825290644829,0.0,0.0,0.0,0.0,1.0
-0.8815954366146689,0.4436031525140496,0.0,0.0,0.0,0.0,1.0
0.9210080486116187,-0.869206131044545,0.0,0.0,0.0,0.0,0.0
0.17633275836262924,0.7307564660542656,0.0,0.0,0.0,0.0,1.0
-1.0983002001125037,0.4726720928509575,0.0,0.0,0.0,0.0,1.0
0.7861594518651904,-1.334285807498571,0.0,0.0,0.0,0.0,0.0
-0.023933730272671917,-0.41817409663887495,0.0,0.0,0.0,0.0,1.0
0.16960640516391318,-0.9495205754298407,0.0,0.0,0.0,0.0,0.0
2.065169774300497,0.298298911932525,0.0,0.0,0.0,0.0,1.0
-0.40273214946794683,-0.1937948080152334,0.0,0.0,0.0,0.0,1.0
1.444258716205914,0.705321107979562,0.0,0.0,0.0,0.0,1.0
0.0,0.0,0.0,0.0,0.0,0.0,0.0
0.0,0.0,0.0,0.0,0.0,0.0,0.0
0.0,0.0,0.0,0.0,0.0,0.0,0.0
0.0,0.0,0.0,0.0,0.0,0.0,0.0
0.0,0.0,0.0,0.0,0.0,0.0,0.0
0.0,0.0,0.0,0.0,0.0,0.0,0.0
0.0,0.0,0.0,0.0,0.0,0.0,0.0
0.0,0.0,0.0,0.0,0.0,0.0,0.0
0.0,0.0,0.0,0.0,0.0,0.0,0.0
0.0,0.0,0.0,0.0,0.0,0.0,0.0
0.0,0.0,0.0,0.0,0.0,0.0,0.0
0.0,0.0,0.0,0.0,0.0,0.0,0.0
0.0,0.0,0.0,0.0,0.0,0.0,0.0
0.0,0.0,0.0,0.0,0.0,0.0,0.0
0.0,0.0,0.0,0.0,0.0,0.0,0.0
0.0,0.0,0.0,0.0,0.0,0.0,0.0
0.0,0.0,0.0,0.0,0.0,0.0,0.0
0.0,0.0,0.0,0.0,0.0,0.0,0.0
0.0,0.0,0.0,0.0,0.0,0.0,0.0
0.0,0.0,0.0,0.0,0.0,0.0,0.0
0.0,0.0,0.0,0.0,0.0,0.0,0.0
0.0,0.0,0.0,0.0,0.0,0.0,0.0
0.0,0.0,0.0,0.0,0.0,0.0,0.0
0.0,0.0,0.0,0.0,0.0,0.0,0.0
0.0,0.0,0.0,0.0,0.0,0.0,0.0
0.0,0.0,0.0,0.0,0.0,0.0,0.0
0.0,0.0,0.0,0.0,0.0,0.0,0.0
0.0,0.0,0.0,0.0,0.0,0.0,0.0
0.0,0.0,0.0,0.0,0.0,0.0,0.0
0.0,0.0,0.0,0.0,0.0,0.0,0.0
0.0,0.0,0.0,0.0,0.0,0.0,0.0
0.0,0.0,0.0,0.0,0.0,0.0,0.0
0.0,0.0,0.0,0.0,0.0,0.0,0.0
0.0,0.0,0.0,0.0,0.0,0.0,0.0
0.0,0.0,0.0,0.0,0.0,0.0,0.0
0.0,0.0,0.0,0.0,0.0,0.0,0.0
0.0,0.0,0.0,0.0,0.0,0.0,0.0
0.0,0.0,0.0,0.0,0.0,0.0,0.0
0.0,0.0,0.0,0.0,0.0,0.0,0.0
0.0,0.0,0.0,0.0,0.0,0.0,0.0
0.0,0.0,0.0,0.0,0.0,0.0,0.0
0.0,0.0,0.0,0.0,0.0,0.0,0.0
0.0,0.0,0.0,0.0,0.0,0.0,0.0
0.0,0.0,0.0,0.0,0.0,0.0,0.0
0.0,0.0,0.0,0.0,0.0,0.0,0.0
0.0,0.0,0.0,0.0,0.0,0.0,0.0
0.0,0.0,0.0,0.0,0.0,0.0,0.0
0.0,0.0,0.0,0.0,0.0,0.0,0.0
0.0,0.0,0.0,0.0,0.0,0.0,0.0
0.0,0.0,0.0,0.0,0.0,0.0,0.0
0.0,0.0,0.0,0.0,0.0,0.0,0.0
0.0,0.0,0.0,0.0,0.0,0.0,0.0
0.0,0.0,0.0,0.0,0.0,0.0,0.0
0.0,0.0,0.0,0.0,0.0,0.0,0.0
0.0,0.0,0.0,0.0,0.0,0.0,0.0
0.0,0.0,0.0,0.0,0.0,0.0,0.0
0.0,0.0,0.0,0.0,0.0,0.0,0.0
0.0,0.0,0.0,0.0,0.0,0.0,0.0
0.0,0.0,0.0,0.0,0.0,0.0,0.0
0.0,0.0,0.0,0.0,0.0,0.0,0.0
0.0,0.0,0.0,0.0,0.0,0.0,0.0
0.0,0.0,0.0,0.0,0.0,0.0,0.0
0.0,0.0,0.0,0.0,0.0,0.0,0.0
0.0,0.0,0.0,0.0,0.0,0.0,0.0
0.0,0.0,0.0,0.0,0.0,0.0,0.0
0.0,0.0,0.0,0.0,0.0,0.0,0.0
0.0,0.0,0.0,0.0,0.0,0.0,0.0
0.0,0.0,0.0,0.0,0.0,0.0,0.0
0.0,0.0,0.0,0.0,0.0,0.0,0.0
0.0,0.0,0.0,0.0,0.0,0.0,0.0
0.0,0.0,0.0,0.0,0.0,0.0,0.0
0.0,0.0,0.0,0.0,0.0,0.0,0.0
0.0,0.0,0.0,0.0,0.0,0.0,0.0
0.0,0.0,0.0,0.0,0.0,0.0,0.0
0.0,0.0,0.0,0.0,0.0,0.0,0.0
0.0,0.0,0.0,0.0,0.0,0.0,0.0
0.0,0.0,0.0,0.0,0.0,0.0,0.0
0.0,0.0,0.0,0.0,0.0,0.0,0.0
0.0,0.0,0.0,0.0,0.0,0.0,0.0
0.0,0.0,0.0,0.0,0.0,0.0,0.0
0.0,0.0,0.0,0.0,0.0,0.0,0.0
0.0,0.0,0.0,0.0,0.0,0.0,0.0
0.0,0.0,0.0,0.0,0.0,0.0,0.0
0.0,0.0,0.0,0.0,0.0,0.0,0.0
0.0,0.0,0.0,0.0,0.0,0.0,0.0
0.0,0.0,0.0,0.0,0.0,0.0,0.0
0.0,0.0,0.0,0.0,0.0,0.0,0.0
0.0,0.0,0.0,0.0,0.0,0.0,0.0
0.0,0.0,0.0,0.0,0.0,0.0,0.0
0.0,0.0,0.0,0.0,0.0,0.0,0.0
0.0,0.0,0.0,0.0,0.0,0.0,0.0
0.0,0.0,0.0,0.0,0.0,0.0,0.0
0.0,0.0,0.0,0.0,0.0,0.0,0.0
0.0,0.0,0.0,0.0,0.0,0.0,0.0
0.0,0.0,0.0,0.0,0.0,0.0,0.0
0.0,0.0,0.0,0.0,0.0,0.0,0.0
0.0,0.0,0.0,0.0,0.0,0.0,0.0
0.0,0.0,0.0,0.0,0.0,0.0,0.0
0.0,0.0,0.0,0.0,0.0,0.0,0.0
0.0,0.0,0.0,0.0,0.0,0.0,0.0
0.0,0.0,0.0,0.0,0.0,0.0,0.0
0.0,0.0,0.0,0.0,0.0,0.0,0.0
0.0,0.0,0.0,0.0,0.0,0.0,0.0
0.0,0.0,0.0,0.0,0.0,0.0,0.0
0.0,0.0,0.0,0.0,0.0,0.0,0.0
0.0,0.0,0.0,0.0,0.0,0.0,0.0
0.0,0.0,0.0,0.0,0.0,0.0,0.0
0.0,0.0,0.0,0.0,0.0,0.0,0.0
0.0,0.0,0.0,0.0,0.0,0.0,0.0
0.0,0.0,0.0,0.0,0.0,0.0,0.0
0.0,0.0,0.0,0.0,0.0,0.0,0.0
0.0,0.0,0.0,0.0,0.0,0.0,0.0
0.0,0.0,0.0,0.0,0.0,0.0,0.0
0.0,0.0,0.0,0.0,0.0,0.0,0.0
0.0,0.0,0.0,0.0,0.0,0.0,0.0
0.0,0.0,0.0,0.0,0.0,0.0,0.0
0.0,0.0,0.0,0.0,0.0,0.0,0.0
0.0,0.0,0.0,0.0,0.0,0.0,0.0
0.0,0.0,0.0,0.0,0.0,0.0,0.0
0.0,0.0,0.0,0.0,0.0,0.0,0.0
0.0,0.0,0.0,0.0,0.0,0.0,0.0
0.0,0.0,0.0,0.0,0.0,0.0,0.0
0.0,0.0,0.0,0.0,0.0,0.0,0.0
0.0,0.0,0.0,0.0,0.0,0.0,0.0
0.0,0.0,0.0,0.0,0.0,0.0,0.0
0.0,0.0,0.0,0.0,0.0,0.0,0.0
0.0,0.0,0.0,0.0,0.0,0.0,0.0
0.0,0.0,0.0,0.0,0.0,0.0,0.0
0.0,0.0,0.0,0.0,0.0,0.0,0.0
0.0,0.0,0.0,0.0,0.0,0.0,0.0
0.0,0.0,0.0,0.0,0.0,0.0,0.0
0.0,0.0,0.0,0.0,0.0,0.0,0.0
0.0,0.0,0.0,0.0,0.0,0.0,0.0
0.0,0.0,0.0,0.0,0.0,0.0,0.0
0.0,0.0,0.0,0.0,0.0,0.0,0.0
0.0,0.0,0.0,0.0,0.0,0.0,0.0
0.0,0.0,0.0,0.0,0.0,0.0,0.0
0.0,0.0,0.0,0.0,0.0,0.0,0.0
0.0,0.0,0.0,0.0,0.0,0.0,0.0
0.0,0.0,0.0,0.0,0.0,0.0,0.0
0.0,0.0,0.0,0.0,0.0,0.0,0.0
0.0,0.0,0.0,0.0,0.0,0.0,0.0
0.0,0.0,0.0,0.0,0.0,0.0,0.0
0.0,0.0,0.0,0.0,0.0,0.0,0.0
0.0,0.0,0.0,0.0,0.0,0.0,0.0
0.0,0.0,0.0,0.0,0.0,0.0,0.0
0.0,0.0,0.0,0.0,0.0,0.0,0.0
0.0,0.0,0.0,0.0,0.0,0.0,0.0
0.0,0.0,0.0,0.0,0.0,0.0,0.0
0.0,0.0,0.0,0.0,0.0,0.0,0.0
0.0,0.0,0.0,0.0,0.0,0.0,0.0
0.0,0.0,0.0,0.0,0.0,0.0,0.0
0.0,0.0,0.0,0.0,0.0,0.0,0.0
0.0,0.0,0.0,0.0,0.0,0.0,0.0
0.0,0.0,0.0,0.0,0.0,0.0,0.0
0.0,0.0,0.0,0.0,0.0,0.0,0.0
0.0,0.0,0.0,0.0,0.0,0.0,0.0
0.0,0.0,0.0,0.0,0.0,0.0,0.0
0.0,0.0,0.0,0.0,0.0,0.0,0.0
0.0,0.0,0.0,0.0,0.0,0.0,0.0
0.0,0.0,0.0,0.0,0.0,0.0,0.0
0.0,0.0,0.0,0.0,0.0,0.0,0.0
0.0,0.0,0.0,0.0,0.0,0.0,0.0
0.0,0.0,0.0,0.0,0.0,0.0,0.0
0.0,0.0,0.0,0.0,0.0,0.0,0.0
0.0,0.0,0.0,0.0,0.0,0.0,0.0
0.0,0.0,0.0,0.0,0.0,0.0,0.0
0.0,0.0,0.0,0.0,0.0,0.0,0.0
0.0,0.0,0.0,0.0,0.0,0.0,0.0
0.0,0.0,0.0,0.0,0.0,0.0,0.0
0.0,0.0,0.0,0.0,0.0,0.0,0.0
0.0,0.0,0.0,0.0,0.0,0.0,0.0
0.0,0.0,0.0,0.0,0.0,0.0,0.0
0.0,0.0,0.0,0.0,0.0,0.0,0.0
0.0,0.0,0.0,0.0,0.0,0.0,0.0
0.0,0.0,0.0,0.0,0.0,0.0,0.0
0.0,0.0,0.0,0.0,0.0,0.0,0.0
0.0,0.0,0.0,0.0,0.0,0.0,0.0
0.0,0.0,0.0,0.0,0.0,0.0,0.0
0.0,0.0,0.0,0.0,0.0,0.0,0.0
0.0,0.0,0.0,0.0,0.0,0.0,0.0
0.0,0.0,0.0,0.0,0.0,0.0,0.0
0.0,0.0,0.0,0.0,0.0,0.0,0.0
0.0,0.0,0.0,0.0,0.0,0.0,0.0
0.0,0.0,0.0,0.0,0.0,0.0,0.0
0.0,0.0,0.0,0.0,0.0,0.0,0.0
0.0,0.0,0.0,0.0,0.0,0.0,0.0
0.0,0.0,0.0,0.0,0.0,0.0,0.0
0.0,0.0,0.0,0.0,0.0,0.0,0.0
0.0,0.0,0.0,0.0,0.0,0.0,0.0
0.0,0.0,0.0,0.0,0.0,0.0,0.0
0.0,0.0,0.0,0.0,0.0,0.0,0.0
0.0,0.0,0.0,0.0,0.0,0.0,0.0
0.0,0.0,0.0,0.0,0.0,0.0,0.0
0.0,0.0,0.0,0.0,0.0,0.0,0.0
0.0,0.0,0.0,0.0,0.0,0.0,0.0
0.0,0.0,0.0,0.0,0.0,0.0,0.0
0.0,0.0,0.0,0.0,0.0,0.0,0.0
0.0,0.0,0.0,0.0,0.0,0.0,0.0
0.0,0.0,0.0,0.0,0.0,0.0,0.0
0.0,0.0,0.0,0.0,0.0,0.0,0.0
0.0,0.0,0.0,0.0,0.0,0.0,0.0
0.0,0.0,0.0,0.0,0.0,0.0,0.0
0.0,0.0,0.0,0.0,0.0,0.0,0.0
0.0,0.0,0.0,0.0,0.0,0.0,0.0
0.0,0.0,0.0,0.0,0.0,0.0,0.0
0.0,0.0,0.0,0.0,0.0,0.0,0.0
0.0,0.0,0.0,0.0,0.0,0.0,0.0
0.0,0.0,0.0,0.0,0.0,0.0,0.0
0.0,0.0,0.0,0.0,0.0,0.0,0.0
0.0,0.0,0.0,0.0,0.0,0.0,0.0
0.0,0.0,0.0,0.0,0.0,0.0,0.0
0.0,0.0,0.0,0.0,0.0,0.0,0.0
0.0,0.0,0.0,0.0,0.0,0.0,0.0
0.0,0.0,0.0,0.0,0.0,0.0,0.0
0.0,0.0,0.0,0.0,0.0,0.0,0.0
0.0,0.0,0.0,0.0,0.0,0.0,0.0
0.0,0.0,0.0,0.0,0.0,0.0,0.0
0.0,0.0,0.0,0.0,0.0,0.0,0.0
0.0,0.0,0.0,0.0,0.0,0.0,0.0
0.0,0.0,0.0,0.0,0.0,0.0,0.0
0.0,0.0,0.0,0.0,0.0,0.0,0.0
0.0,0.0,0.0,0.0,0.0,0.0,0.0
0.0,0.0,0.0,0.0,0.0,0.0,0.0
0.0,0.0,0.0,0.0,0.0,0.0,0.0
0.0,0.0,0.0,0.0,0.0,0.0,0.0
0.0,0.0,0.0,0.0,0.0,0.0,0.0
0.0,0.0,0.0,0.0,0.0,0.0,0.0
0.0,0.0,0.0,0.0,0.0,0.0,0.0
0.0,0.0,0.0,0.0,0.0,0.0,0.0
0.0,0.0,0.0,0.0,0.0,0.0,0.0
0.0,0.0,0.0,0.0,0.0,0.0,0.0
0.0,0.0,0.0,0.0,0.0,0.0,0.0
0.0,0.0,0.0,0.0,0.0,0.0,0.0
0.0,0.0,0.0,0.0,0.0,0.0,0.0
0.0,0.0,0.0,0.0,0.0,0.0,0.0
0.0,0.0,0.0,0.0,0.0,0.0,0.0
0.0,0.0,0.0,0.0,0.0,0.0,0.0
0.0,0.0,0.0,0.0,0.0,0.0,0.0
0.0,0.0,0.0,0.0,0.0,0.0,0.0
0.0,0.0,0.0,0.0,0.0,0.0,0.0
0.0,0.0,0.0,0.0,0.0,0.0,0.0
0.0,0.0,0.0,0.0,0.0,0.0,0.0
0.0,0.0,0.0,0.0,0.0,0.0,0.0
0.0,0.0,0.0,0.0,0.0,0.0,0.0
0.0,0.0,0.0,0.0,0.0,0.0,0.0
0.0,0.0,0.0,0.0,0.0,0.0,0.0
0.0,0.0,0.0,0.0,0.0,0.0,0.0
0.0,0.0,0.0,0.0,0.0,0.0,0.0
0.0,0.0,0.0,0.0,0.0,0.0,0.0
0.0,0.0,0.0,0.0,0.0,0.0,0.0
0.0,0.0,0.0,0.0,0.0,0.0,0.0
0.0,0.0,0.0,0.0,0.0,0.0,0.0
0.0,0.0,0.0,0.0,0.0,0.0,0.0
0.0,0.0,0.0,0.0,0.0,0.0,0.0
0.0,0.0,0.0,0.0,0.0,0.0,0.0
0.0,0.0,0.0,0.0,0.0,0.0,0.0
0.0,0.0,0.0,0.0,0.0,0.0,0.0
0.0,0.0,0.0,0.0,0.0,0.0,0.0
0.0,0.0,0.0,0.0,0.0,0.0,0.0
0.0,0.0,0.0,0.0,0.0,0.0,0.0
0.0,0.0,0.0,0.0,0.0,0.0,0.0
0.0,0.0,0.0,0.0,0.0,0.0,0.0
0.0,0.0,0.0,0.0,0.0,0.0,0.0
0.0,0.0,0.0,0.0,0.0,0.0,0.0
0.0,0.0,0.0,0.0,0.0,0.0,0.0
0.0,0.0,0.0,0.0,0.0,0.0,0.0
0.0,0.0,0.0,0.0,0.0,0.0,0.0
0.0,0.0,0.0,0.0,0.0,0.0,0.0
0.0,0.0,0.0,0.0,0.0,0.0,0.0
0.0,0.0,0.0,0.0,0.0,0.0,0.0
0.0,0.0,0.0,0.0,0.0,0.0,0.0
0.0,0.0,0.0,0.0,0.0,0.0,0.0
0.0,0.0,0.0,0.0,0.0,0.0,0.0
0.0,0.0,0.0,0.0,0.0,0.0,0.0
0.0,0.0,0.0,0.0,0.0,0.0,0.0
0.0,0.0,0.0,0.0,0.0,0.0,0.0
0.0,0.0,0.0,0.0,0.0,0.0,0.0
0.0,0.0,0.0,0.0,0.0,0.0,0.0
0.0,0.0,0.0,0.0,0.0,0.0,0.0
0.0,0.0,0.0,0.0,0.0,0.0,0.0
0.0,0.0,0.0,0.0,0.0,0.0,0.0
0.0,0.0,0.0,0.0,0.0,0.0,0.0
0.0,0.0,0.0,0.0,0.0,0.0,0.0
0.0,0.0,0.0,0.0,0.0,0.0,0.0
0.0,0.0,0.0,0.0,0.0,0.0,0.0
0.0,0.0,0.0,0.0,0.0,0.0,0.0
0.0,0.0,0.0,0.0,0.0,0.0,0.0
0.0,0.0,0.0,0.0,0.0,0.0,0.0
0.0,0.0,0.0,0.0,0.0,0.0,0.0
0.0,0.0,0.0,0.0,0.0,0.0,0.0
0.0,0.0,0.0,0.0,0.0,0.0,0.0
0.0,0.0,0.0,0.0,0.0,0.0,0.0
0.0,0.0,0.0,0.0,0.0,0.0,0.0
0.0,0.0,0.0,0.0,0.0,0.0,0.0
0.0,0.0,0.0,0.0,0.0,0.0,0.0
0.0,0.0,0.0,0.0,0.0,0.0,0.0
0.0,0.0,0.0,0.0,0.0,0.0,0.0
0.0,0.0,0.0,0.0,0.0,0.0,0.0
0.0,0.0,0.0,0.0,0.0,0.0,0.0
0.0,0.0,0.0,0.0,0.0,0.0,0.0
0.0,0.0,0.0,0.0,0.0,0.0,0.0
0.0,0.0,0.0,0.0,0.0,0.0,0.0
0.0,0.0,0.0,0.0,0.0,0.0,0.0
0.0,0.0,0.0,0.0,0.0,0.0,0.0
0.0,0.0,0.0,0.0,0.0,0.0,0.0
0.0,0.0,0.0,0.0,0.0,0.0,0.0
0.0,0.0,0.0,0.0,0.0,0.0,0.0
0.0,0.0,0.0,0.0,0.0,0.0,0.0
0.0,0.0,0.0,0.0,0.0,0.0,0.0
0.0,0.0,0.0,0.0,0.0,0.0,0.0
0.0,0.0,0.0,0.0,0.0,0.0,0.0
0.0,0.0,0.0,0.0,0.0,0.0,0.0
0.0,0.0,0.0,0.0,0.0,0.0,0.0
0.0,0.0,0.0,0.0,0.0,0.0,0.0
0.0,0.0,0.0,0.0,0.0,0.0,0.0
0.0,0.0,0.0,0.0,0.0,0.0,0.0
0.0,0.0,0.0,0.0,0.0,0.0,0.0
0.0,0.0,0.0,0.0,0.0,0.0,0.0
0.0,0.0,0.0,0.0,0.0,0.0,0.0
0.0,0.0,0.0,0.0,0.0,0.0,0.0
0.0,0.0,0.0,0.0,0.0,0.0,0.0
0.0,0.0,0.0,0.0,0.0,0.0,0.0
0.0,0.0,0.0,0.0,0.0,0.0,0.0
0.0,0.0,0.0,0.0,0.0,0.0,0.0
0.0,0.0,0.0,0.0,0.0,0.0,0.0
0.0,0.0,0.0,0.0,0.0,0.0,0.0
0.0,0.0,0.0,0.0,0.0,0.0,0.0
0.0,0.0,0.0,0.0,0.0,0.0,0.0
0.0,0.0,0.0,0.0,0.0,0.0,0.0
0.0,0.0,0.0,0.0,0.0,0.0,0.0
0.0,0.0,0.0,0.0,0.0,0.0,0.0
0.0,0.0,0.0,0.0,0.0,0.0,0.0
0.0,0.0,0.0,0.0,0.0,0.0,0.0
0.0,0.0,0.0,0.0,0.0,0.0,0.0
0.0,0.0,0.0,0.0,0.0,0.0,0.0
0.0,0.0,0.0,0.0,0.0,0.0,0.0
0.0,0.0,0.0,0.0,0.0,0.0,0.0
0.0,0.0,0.0,0.0,0.0,0.0,0.0
0.0,0.0,0.0,0.0,0.0,0.0,0.0
0.0,0.0,0.0,0.0,0.0,0.0,0.0
0.0,0.0,0.0,0.0,0.0,0.0,0.0
0.0,0.0,0.0,0.0,0.0,0.0,0.0
0.0,0.0,0.0,0.0,0.0,0.0,0.0
0.0,0.0,0.0,0.0,0.0,0.0,0.0
0.0,0.0,0.0,0.0,0.0,0.0,0.0
0.0,0.0,0.0,0.0,0.0,0.0,0.0
0.0,0.0,0.0,0.0,0.0,0.0,0.0
0.0,0.0,0.0,0.0,0.0,0.0,0.0
0.0,0.0,0.0,0.0,0.0,0.0,0.0
0.0,0.0,0.0,0.0,0.0,0.0,0.0
0.0,0.0,0.0,0.0,0.0,0.0,0.0
0.0,0.0,0.0,0.0,0.0,0.0,0.0
0.0,0.0,0.0,0.0,0.0,0.0,0.0
0.0,0.0,0.0,0.0,0.0,0.0,0.0
0.0,0.0,0.0,0.0,0.0,0.0,0.0
0.0,0.0,0.0,0.0,0.0,0.0,0.0
0.0,0.0,0.0,0.0,0.0,0.0,0.0
0.0,0.0,0.0,0.0,0.0,0.0,0.0
0.0,0.0,0.0,0.0,0.0,0.0,0.0
0.0,0.0,0.0,0.0,0.0,0.0,0.0
0.0,0.0,0.0,0.0,0.0,0.0,0.0
0.0,0.0,0.0,0.0,0.0,0.0,0.0
0.0,0.0,0.0,0.0,0.0,0.0,0.0
0.0,0.0,0.0,0.0,0.0,0.0,0.0
0.0,0.0,0.0,0.0,0.0,0.0,0.0
0.0,0.0,0.0,0.0,0.0,0.0,0.0
0.0,0.0,0.0,0.0,0.0,0.0,0.0
0.0,0.0,0.0,0.0,0.0,0.0,0.0
0.0,0.0,0.0,0.0,0.0,0.0,0.0
0.0,0.0,0.0,0.0,0.0,0.0,0.0
0.0,0.0,0.0,0.0,0.0,0.0,0.0
0.0,0.0,0.0,0.0,0.0,0.0,0.0
0.0,0.0,0.0,0.0,0.0,0.0,0.0
0.0,0.0,0.0,0.0,0.0,0.0,0.0
0.0,0.0,0.0,0.0,0.0,0.0,0.0
0.0,0.0,0.0,0.0,0.0,0.0,0.0
0.0,0.0,0.0,0.0,0.0,0.0,0.0
0.0,0.0,0.0,0.0,0.0,0.0,0.0
0.0,0.0,0.0,0.0,0.0,0.0,0.0
0.0,0.0,0.0,0.0,0.0,0.0,0.0
0.0,0.0,0.0,0.0,0.0,0.0,0.0
0.0,0.0,0.0,0.0,0.0,0.0,0.0
0.0,0.0,0.0,0.0,0.0,0.0,0.0
0.0,0.0,0.0,0.0,0.0,0.0,0.0
0.0,0.0,0.0,0.0,0.0,0.0,0.0
0.0,0.0,0.0,0.0,0.0,0.0,0.0
0.0,0.0,0.0,0.0,0.0,0.0,0.0
0.0,0.0,0.0,0.0,0.0,0.0,0.0
0.0,0.0,0.0,0.0,0.0,0.0,0.0
0.0,0.0,0.0,0.0,0.0,0.0,0.0
0.0,0.0,0.0,0.0,0.0,0.0,0.0
0.0,0.0,0.0,0.0,0.0,0.0,0.0
0.0,0.0,0.0,0.0,0.0,0.0,0.0
0.0,0.0,0.0,0.0,0.0,0.0,0.0
0.0,0.0,0.0,0.0,0.0,0.0,0.0
0.0,0.0,0.0,0.0,0.0,0.0,0.0
0.0,0.0,0.0,0.0,0.0,0.0,0.0
0.0,0.0,0.0,0.0,0.0,0.0,0.0
0.0,0.0,0.0,0.0,0.0,0.0,0.0
