Dataset,Samples,Features,RandomForest_Acc,DecisionTree_Acc,SVM_Acc,Best_Model
linear_0.csv,1400,6,0.9857142857142858,0.9392857142857143,0.9857142857142858,RandomForest
linear_1.csv,1400,6,0.9642857142857143,0.8964285714285715,0.9785714285714285,SVM
linear_10.csv,1400,6,0.9928571428571429,0.975,0.9857142857142858,RandomForest
linear_100.csv,1400,6,0.9714285714285714,0.9214285714285714,0.9857142857142858,SVM
linear_101.csv,1400,6,0.9821428571428571,0.9464285714285714,0.9892857142857143,SVM
linear_102.csv,1400,6,0.9892857142857143,0.9857142857142858,0.9928571428571429,SVM
linear_103.csv,1400,6,0.9928571428571429,0.9821428571428571,0.9892857142857143,RandomForest
linear_104.csv,1400,6,0.9892857142857143,0.9892857142857143,0.9928571428571429,SVM
linear_105.csv,1400,6,0.9785714285714285,0.9571428571428572,0.9821428571428571,SVM
linear_106.csv,1400,6,0.9642857142857143,0.9428571428571428,0.9785714285714285,SVM
linear_107.csv,1400,6,0.95,0.9357142857142857,0.9607142857142857,SVM
linear_108.csv,1400,6,0.9821428571428571,0.9535714285714286,0.9821428571428571,RandomForest
linear_109.csv,1400,6,0.9714285714285714,0.9321428571428572,0.9785714285714285,SVM
linear_11.csv,1400,6,0.9892857142857143,0.9464285714285714,1.0,SVM
linear_110.csv,1400,6,0.9821428571428571,0.9535714285714286,0.9928571428571429,SVM
linear_111.csv,1400,6,0.975,0.9642857142857143,0.9821428571428571,SVM
linear_112.csv,1400,6,0.9678571428571429,0.925,0.9785714285714285,SVM
linear_113.csv,1400,6,0.9892857142857143,0.9642857142857143,0.9892857142857143,RandomForest
linear_114.csv,1400,6,0.9642857142857143,0.95,0.9642857142857143,RandomForest
linear_115.csv,1400,6,0.9928571428571429,0.9892857142857143,0.9928571428571429,RandomForest
linear_116.csv,1400,6,0.9821428571428571,0.9464285714285714,0.9857142857142858,SVM
linear_117.csv,1400,6,0.9785714285714285,0.9678571428571429,0.9821428571428571,SVM
linear_118.csv,1400,6,0.9928571428571429,0.9821428571428571,0.9928571428571429,RandomForest
linear_119.csv,1400,6,0.975,0.9535714285714286,0.975,RandomForest
linear_12.csv,1400,6,0.9678571428571429,0.9535714285714286,0.975,SVM
linear_120.csv,1400,6,0.9821428571428571,0.9714285714285714,0.9821428571428571,RandomForest
linear_121.csv,1400,6,0.9928571428571429,0.9642857142857143,0.9928571428571429,RandomForest
linear_122.csv,1400,6,0.975,0.9464285714285714,0.9928571428571429,SVM
linear_123.csv,1400,6,0.975,0.9571428571428572,0.975,RandomForest
linear_124.csv,1400,6,0.9928571428571429,0.975,0.9928571428571429,RandomForest
linear_125.csv,1400,6,0.9928571428571429,0.9785714285714285,0.9928571428571429,RandomForest
linear_126.csv,1400,6,0.975,0.9178571428571428,0.9821428571428571,SVM
linear_127.csv,1400,6,0.975,0.9535714285714286,0.9785714285714285,SVM
linear_128.csv,1400,6,0.9535714285714286,0.9285714285714286,0.9678571428571429,SVM
linear_129.csv,1400,6,0.9821428571428571,0.9464285714285714,0.9857142857142858,SVM
linear_13.csv,1400,6,0.9892857142857143,0.975,0.9892857142857143,RandomForest
linear_130.csv,1400,6,0.9892857142857143,0.9678571428571429,0.9892857142857143,RandomForest
linear_131.csv,1400,6,0.9821428571428571,0.9357142857142857,0.9892857142857143,SVM
linear_132.csv,1400,6,0.9857142857142858,0.9857142857142858,0.9857142857142858,RandomForest
linear_133.csv,1400,6,0.9821428571428571,0.9535714285714286,0.9857142857142858,SVM
linear_134.csv,1400,6,0.9857142857142858,0.975,0.9892857142857143,SVM
linear_135.csv,1400,6,0.9892857142857143,0.9285714285714286,0.9964285714285714,SVM
linear_136.csv,1400,6,0.9928571428571429,0.9857142857142858,0.9928571428571429,RandomForest
linear_137.csv,1400,6,0.9928571428571429,0.9821428571428571,0.9964285714285714,SVM
linear_138.csv,1400,6,0.9821428571428571,0.9464285714285714,0.9892857142857143,SVM
linear_139.csv,1400,6,0.9857142857142858,0.9678571428571429,0.9857142857142858,RandomForest
linear_14.csv,1400,6,0.9642857142857143,0.9392857142857143,0.9821428571428571,SVM
linear_140.csv,1400,6,0.9428571428571428,0.9071428571428571,0.9857142857142858,SVM
linear_141.csv,1400,6,0.9964285714285714,0.975,0.9964285714285714,RandomForest
linear_142.csv,1400,6,0.9928571428571429,0.9785714285714285,0.9928571428571429,RandomForest
linear_143.csv,1400,6,0.9964285714285714,0.9821428571428571,0.9964285714285714,RandomForest
linear_144.csv,1400,6,0.9821428571428571,0.925,0.9892857142857143,SVM
linear_145.csv,1400,6,0.9714285714285714,0.9607142857142857,0.9714285714285714,RandomForest
linear_146.csv,1400,6,0.9642857142857143,0.95,0.9607142857142857,RandomForest
linear_147.csv,1400,6,0.9642857142857143,0.9107142857142857,0.9928571428571429,SVM
linear_148.csv,1400,6,0.9964285714285714,0.9821428571428571,0.9964285714285714,RandomForest
linear_149.csv,1400,6,0.9892857142857143,0.9607142857142857,0.9892857142857143,RandomForest
linear_15.csv,1400,6,0.9785714285714285,0.95,0.9821428571428571,SVM
linear_150.csv,1400,6,0.9857142857142858,0.9642857142857143,0.9928571428571429,SVM
linear_151.csv,1400,6,0.9892857142857143,0.975,0.9857142857142858,RandomForest
linear_152.csv,1400,6,0.9821428571428571,0.9642857142857143,0.9892857142857143,SVM
linear_153.csv,1400,6,0.9857142857142858,0.9785714285714285,0.9928571428571429,SVM
linear_154.csv,1400,6,0.9964285714285714,0.9964285714285714,0.9892857142857143,RandomForest
linear_155.csv,1400,6,0.9857142857142858,0.9785714285714285,0.9821428571428571,RandomForest
linear_156.csv,1400,6,0.9892857142857143,0.9821428571428571,0.9892857142857143,RandomForest
linear_157.csv,1400,6,0.9892857142857143,0.975,0.9857142857142858,RandomForest
linear_158.csv,1400,6,0.9821428571428571,0.95,0.9892857142857143,SVM
linear_159.csv,1400,6,0.975,0.9357142857142857,0.9821428571428571,SVM
linear_16.csv,1400,6,0.9642857142857143,0.9607142857142857,0.9785714285714285,SVM
linear_160.csv,1400,6,0.9821428571428571,0.9607142857142857,0.9857142857142858,SVM
linear_161.csv,1400,6,0.9892857142857143,0.9678571428571429,0.9964285714285714,SVM
linear_162.csv,1400,6,0.9857142857142858,0.9678571428571429,0.9892857142857143,SVM
linear_163.csv,1400,6,0.9892857142857143,0.9571428571428572,0.9892857142857143,RandomForest
linear_164.csv,1400,6,0.9642857142857143,0.9642857142857143,0.9678571428571429,SVM
linear_165.csv,1400,6,0.9928571428571429,0.9892857142857143,0.9892857142857143,RandomForest
linear_166.csv,1400,6,0.9821428571428571,0.9714285714285714,0.9857142857142858,SVM
linear_167.csv,1400,6,0.9857142857142858,0.9535714285714286,0.9892857142857143,SVM
linear_168.csv,1400,6,0.9785714285714285,0.9571428571428572,0.9857142857142858,SVM
linear_169.csv,1400,6,0.9821428571428571,0.9392857142857143,0.9857142857142858,SVM
linear_17.csv,1400,6,0.9821428571428571,0.975,0.975,RandomForest
linear_170.csv,1400,6,0.9607142857142857,0.9357142857142857,0.9821428571428571,SVM
linear_171.csv,1400,6,0.9714285714285714,0.9357142857142857,0.975,SVM
linear_172.csv,1400,6,0.9714285714285714,0.9607142857142857,0.975,SVM
linear_173.csv,1400,6,0.9892857142857143,0.9892857142857143,0.9928571428571429,SVM
linear_174.csv,1400,6,0.9928571428571429,0.9821428571428571,0.9928571428571429,RandomForest
linear_175.csv,1400,6,0.9571428571428572,0.9642857142857143,0.9821428571428571,SVM
linear_176.csv,1400,6,0.975,0.9535714285714286,0.9892857142857143,SVM
linear_177.csv,1400,6,0.9857142857142858,0.975,0.9928571428571429,SVM
linear_178.csv,1400,6,0.9642857142857143,0.9535714285714286,0.9857142857142858,SVM
linear_179.csv,1400,6,0.9785714285714285,0.9571428571428572,0.9857142857142858,SVM
linear_18.csv,1400,6,0.9821428571428571,0.9678571428571429,0.9821428571428571,RandomForest
linear_180.csv,1400,6,0.9928571428571429,0.9428571428571428,0.9928571428571429,RandomForest
linear_181.csv,1400,6,0.9892857142857143,0.9892857142857143,0.9928571428571429,SVM
linear_182.csv,1400,6,0.9857142857142858,0.9535714285714286,0.9928571428571429,SVM
linear_183.csv,1400,6,0.9821428571428571,0.9428571428571428,0.9928571428571429,SVM
linear_184.csv,1400,6,0.9785714285714285,0.9535714285714286,0.9928571428571429,SVM
linear_185.csv,1400,6,0.9821428571428571,0.9714285714285714,0.9857142857142858,SVM
linear_186.csv,1400,6,0.9821428571428571,0.9464285714285714,0.9892857142857143,SVM
linear_187.csv,1400,6,0.95,0.925,0.975,SVM
linear_188.csv,1400,6,0.9892857142857143,0.9571428571428572,0.9892857142857143,RandomForest
linear_189.csv,1400,6,0.9607142857142857,0.9607142857142857,0.9678571428571429,SVM
linear_19.csv,1400,6,0.9821428571428571,0.975,0.9821428571428571,RandomForest
linear_190.csv,1400,6,0.9714285714285714,0.9464285714285714,0.9821428571428571,SVM
linear_191.csv,1400,6,0.9571428571428572,0.9285714285714286,0.9642857142857143,SVM
linear_192.csv,1400,6,0.9892857142857143,0.9535714285714286,0.9928571428571429,SVM
linear_193.csv,1400,6,0.9607142857142857,0.925,0.9821428571428571,SVM
linear_194.csv,1400,6,0.9571428571428572,0.9285714285714286,0.9571428571428572,RandomForest
linear_195.csv,1400,6,0.9785714285714285,0.9714285714285714,0.9785714285714285,RandomForest
linear_196.csv,1400,6,0.9785714285714285,0.9678571428571429,0.9785714285714285,RandomForest
linear_197.csv,1400,6,0.9928571428571429,0.9857142857142858,0.9928571428571429,RandomForest
linear_198.csv,1400,6,0.9821428571428571,0.975,0.9857142857142858,SVM
linear_199.csv,1400,6,0.9714285714285714,0.9321428571428572,0.975,SVM
linear_2.csv,1400,6,0.9785714285714285,0.9678571428571429,0.9964285714285714,SVM
linear_20.csv,1400,6,0.9928571428571429,0.9857142857142858,0.9964285714285714,SVM
linear_21.csv,1400,6,0.9642857142857143,0.9321428571428572,0.9714285714285714,SVM
linear_22.csv,1400,6,0.9892857142857143,0.95,0.9857142857142858,RandomForest
linear_23.csv,1400,6,0.9928571428571429,0.975,0.9964285714285714,SVM
linear_24.csv,1400,6,0.9821428571428571,0.9535714285714286,0.9892857142857143,SVM
linear_25.csv,1400,6,0.9821428571428571,0.9642857142857143,0.9857142857142858,SVM
linear_26.csv,1400,6,0.9821428571428571,0.9678571428571429,0.9928571428571429,SVM
linear_27.csv,1400,6,0.9821428571428571,0.9571428571428572,0.9821428571428571,RandomForest
linear_28.csv,1400,6,0.9964285714285714,0.9857142857142858,0.9964285714285714,RandomForest
linear_29.csv,1400,6,0.9857142857142858,0.9714285714285714,0.9857142857142858,RandomForest
linear_3.csv,1400,6,0.9785714285714285,0.9178571428571428,0.9821428571428571,SVM
linear_30.csv,1400,6,0.975,0.95,0.9821428571428571,SVM
linear_31.csv,1400,6,0.9928571428571429,0.925,0.9964285714285714,SVM
linear_32.csv,1400,6,0.9892857142857143,0.975,0.9857142857142858,RandomForest
linear_33.csv,1400,6,0.9785714285714285,0.9357142857142857,0.9892857142857143,SVM
linear_34.csv,1400,6,0.9464285714285714,0.9321428571428572,0.9714285714285714,SVM
linear_35.csv,1400,6,0.9892857142857143,0.9428571428571428,0.9964285714285714,SVM
linear_36.csv,1400,6,0.9785714285714285,0.975,0.9857142857142858,SVM
linear_37.csv,1400,6,0.9607142857142857,0.9428571428571428,0.975,SVM
linear_38.csv,1400,6,0.9821428571428571,0.9714285714285714,0.9785714285714285,RandomForest
linear_39.csv,1400,6,0.9892857142857143,0.9785714285714285,0.9857142857142858,RandomForest
linear_4.csv,1400,6,0.9928571428571429,0.975,0.9928571428571429,RandomForest
linear_40.csv,1400,6,0.9785714285714285,0.9714285714285714,0.9928571428571429,SVM
linear_41.csv,1400,6,0.9714285714285714,0.9678571428571429,0.9857142857142858,SVM
linear_42.csv,1400,6,0.9678571428571429,0.9535714285714286,0.975,SVM
linear_43.csv,1400,6,0.9892857142857143,0.9642857142857143,0.9892857142857143,RandomForest
linear_44.csv,1400,6,0.9892857142857143,0.9535714285714286,0.9892857142857143,RandomForest
linear_45.csv,1400,6,0.9821428571428571,0.9392857142857143,0.9857142857142858,SVM
linear_46.csv,1400,6,0.9678571428571429,0.9357142857142857,0.9714285714285714,SVM
linear_47.csv,1400,6,0.975,0.9607142857142857,0.9785714285714285,SVM
linear_48.csv,1400,6,0.9821428571428571,0.9535714285714286,0.9785714285714285,RandomForest
linear_49.csv,1400,6,0.9928571428571429,0.9392857142857143,0.9928571428571429,RandomForest
linear_5.csv,1400,6,0.9785714285714285,0.9357142857142857,0.9964285714285714,SVM
linear_50.csv,1400,6,0.9892857142857143,0.9535714285714286,0.9928571428571429,SVM
linear_51.csv,1400,6,0.9964285714285714,0.9392857142857143,0.9892857142857143,RandomForest
linear_52.csv,1400,6,0.9714285714285714,0.9392857142857143,0.9714285714285714,RandomForest
linear_53.csv,1400,6,0.95,0.9142857142857143,0.975,SVM
linear_54.csv,1400,6,0.9892857142857143,0.975,0.9857142857142858,RandomForest
linear_55.csv,1400,6,0.9892857142857143,0.9571428571428572,0.9892857142857143,RandomForest
linear_56.csv,1400,6,0.9892857142857143,0.9821428571428571,0.9928571428571429,SVM
linear_57.csv,1400,6,0.975,0.9285714285714286,0.9785714285714285,SVM
linear_58.csv,1400,6,0.9857142857142858,0.9678571428571429,0.9892857142857143,SVM
linear_59.csv,1400,6,0.9892857142857143,0.9571428571428572,0.9892857142857143,RandomForest
linear_6.csv,1400,6,0.975,0.9535714285714286,0.9892857142857143,SVM
linear_60.csv,1400,6,0.9928571428571429,0.9714285714285714,0.9928571428571429,RandomForest
linear_61.csv,1400,6,0.9928571428571429,0.9535714285714286,0.9964285714285714,SVM
linear_62.csv,1400,6,0.9892857142857143,0.9785714285714285,0.9892857142857143,RandomForest
linear_63.csv,1400,6,0.9857142857142858,0.9714285714285714,0.9857142857142858,RandomForest
linear_64.csv,1400,6,0.9785714285714285,0.9142857142857143,0.9892857142857143,SVM
linear_65.csv,1400,6,0.9821428571428571,0.9035714285714286,0.9928571428571429,SVM
linear_66.csv,1400,6,0.9857142857142858,0.975,0.9821428571428571,RandomForest
linear_67.csv,1400,6,0.9821428571428571,0.95,0.9964285714285714,SVM
linear_68.csv,1400,6,0.9678571428571429,0.9214285714285714,0.9785714285714285,SVM
linear_69.csv,1400,6,0.9928571428571429,0.9857142857142858,0.9928571428571429,RandomForest
linear_7.csv,1400,6,0.9928571428571429,0.9571428571428572,0.9964285714285714,SVM
linear_70.csv,1400,6,0.9714285714285714,0.9714285714285714,0.9714285714285714,RandomForest
linear_71.csv,1400,6,0.9785714285714285,0.9678571428571429,0.9785714285714285,RandomForest
linear_72.csv,1400,6,0.9857142857142858,0.9321428571428572,0.9928571428571429,SVM
linear_73.csv,1400,6,0.9892857142857143,0.9857142857142858,0.9892857142857143,RandomForest
linear_74.csv,1400,6,0.975,0.9392857142857143,0.9785714285714285,SVM
linear_75.csv,1400,6,0.9642857142857143,0.9,0.9785714285714285,SVM
linear_76.csv,1400,6,0.9678571428571429,0.9428571428571428,0.9821428571428571,SVM
linear_77.csv,1400,6,0.9928571428571429,0.9857142857142858,0.9892857142857143,RandomForest
linear_78.csv,1400,6,0.9821428571428571,0.9714285714285714,0.9892857142857143,SVM
linear_79.csv,1400,6,0.9857142857142858,0.9785714285714285,0.9821428571428571,RandomForest
linear_8.csv,1400,6,0.9964285714285714,0.9857142857142858,0.9892857142857143,RandomForest
linear_80.csv,1400,6,0.9785714285714285,0.9678571428571429,0.9821428571428571,SVM
linear_81.csv,1400,6,0.975,0.9142857142857143,0.9821428571428571,SVM
linear_82.csv,1400,6,0.9785714285714285,0.975,0.9821428571428571,SVM
linear_83.csv,1400,6,0.9571428571428572,0.9107142857142857,0.9785714285714285,SVM
linear_84.csv,1400,6,0.9892857142857143,0.95,0.9821428571428571,RandomForest
linear_85.csv,1400,6,0.9785714285714285,0.9428571428571428,0.9821428571428571,SVM
linear_86.csv,1400,6,0.9964285714285714,0.9892857142857143,0.9964285714285714,RandomForest
linear_87.csv,1400,6,0.9821428571428571,0.9392857142857143,0.9821428571428571,RandomForest
linear_88.csv,1400,6,0.9785714285714285,0.975,0.9892857142857143,SVM
linear_89.csv,1400,6,0.9964285714285714,0.9785714285714285,0.9928571428571429,RandomForest
linear_9.csv,1400,6,0.9964285714285714,0.9857142857142858,0.9892857142857143,RandomForest
linear_90.csv,1400,6,0.9857142857142858,0.95,0.9892857142857143,SVM
linear_91.csv,1400,6,0.9857142857142858,0.9464285714285714,0.9892857142857143,SVM
linear_92.csv,1400,6,0.9892857142857143,0.975,0.9857142857142858,RandomForest
linear_93.csv,1400,6,0.9785714285714285,0.8964285714285715,0.9964285714285714,SVM
linear_94.csv,1400,6,0.9857142857142858,0.925,0.9892857142857143,SVM
linear_95.csv,1400,6,0.9714285714285714,0.9607142857142857,0.9714285714285714,RandomForest
linear_96.csv,1400,6,0.9428571428571428,0.9107142857142857,0.9607142857142857,SVM
linear_97.csv,1400,6,0.9821428571428571,0.9571428571428572,0.9821428571428571,RandomForest
linear_98.csv,1400,6,0.9678571428571429,0.9357142857142857,0.9821428571428571,SVM
linear_99.csv,1400,6,0.9857142857142858,0.9535714285714286,0.9928571428571429,SVM
moons_400.csv,1400,6,0.9464285714285714,0.9428571428571428,0.9428571428571428,RandomForest
moons_401.csv,1400,6,0.9428571428571428,0.9142857142857143,0.9214285714285714,RandomForest
moons_402.csv,1400,6,0.9214285714285714,0.9071428571428571,0.9142857142857143,RandomForest
moons_403.csv,1400,6,0.9285714285714286,0.9107142857142857,0.9285714285714286,RandomForest
moons_404.csv,1400,6,0.925,0.9107142857142857,0.9214285714285714,RandomForest
moons_405.csv,1400,6,0.9,0.8892857142857142,0.875,RandomForest
moons_406.csv,1400,6,0.9642857142857143,0.95,0.9607142857142857,RandomForest
moons_407.csv,1400,6,0.9142857142857143,0.8964285714285715,0.9142857142857143,RandomForest
moons_408.csv,1400,6,0.9142857142857143,0.8928571428571429,0.9214285714285714,SVM
moons_409.csv,1400,6,0.95,0.925,0.9357142857142857,RandomForest
moons_410.csv,1400,6,0.9464285714285714,0.925,0.9607142857142857,SVM
moons_411.csv,1400,6,0.925,0.925,0.9178571428571428,RandomForest
moons_412.csv,1400,6,0.95,0.9392857142857143,0.9178571428571428,RandomForest
moons_413.csv,1400,6,0.9464285714285714,0.9357142857142857,0.95,SVM
moons_414.csv,1400,6,0.9571428571428572,0.925,0.95,RandomForest
moons_415.csv,1400,6,0.95,0.9214285714285714,0.9392857142857143,RandomForest
moons_416.csv,1400,6,0.9428571428571428,0.8928571428571429,0.9285714285714286,RandomForest
moons_417.csv,1400,6,0.9285714285714286,0.9035714285714286,0.9178571428571428,RandomForest
moons_418.csv,1400,6,0.9464285714285714,0.925,0.9071428571428571,RandomForest
moons_419.csv,1400,6,0.9285714285714286,0.9142857142857143,0.9071428571428571,RandomForest
moons_420.csv,1400,6,0.9571428571428572,0.9142857142857143,0.9142857142857143,RandomForest
moons_421.csv,1400,6,0.95,0.925,0.9357142857142857,RandomForest
moons_422.csv,1400,6,0.9357142857142857,0.9,0.925,RandomForest
moons_423.csv,1400,6,0.9357142857142857,0.9035714285714286,0.9178571428571428,RandomForest
moons_424.csv,1400,6,0.95,0.9107142857142857,0.9535714285714286,SVM
moons_425.csv,1400,6,0.9535714285714286,0.9142857142857143,0.9321428571428572,RandomForest
moons_426.csv,1400,6,0.9571428571428572,0.9321428571428572,0.9535714285714286,RandomForest
moons_427.csv,1400,6,0.9357142857142857,0.9214285714285714,0.9142857142857143,RandomForest
moons_428.csv,1400,6,0.9392857142857143,0.9357142857142857,0.9535714285714286,SVM
moons_429.csv,1400,6,0.9035714285714286,0.8857142857142857,0.8964285714285715,RandomForest
moons_430.csv,1400,6,0.8964285714285715,0.8857142857142857,0.8928571428571429,RandomForest
moons_431.csv,1400,6,0.95,0.9142857142857143,0.9642857142857143,SVM
moons_432.csv,1400,6,0.9214285714285714,0.8821428571428571,0.9071428571428571,RandomForest
moons_433.csv,1400,6,0.9285714285714286,0.9035714285714286,0.9035714285714286,RandomForest
moons_434.csv,1400,6,0.9392857142857143,0.9142857142857143,0.9357142857142857,RandomForest
moons_435.csv,1400,6,0.9571428571428572,0.9642857142857143,0.9642857142857143,DecisionTree
moons_436.csv,1400,6,0.975,0.9321428571428572,0.9535714285714286,RandomForest
moons_437.csv,1400,6,0.95,0.9214285714285714,0.9464285714285714,RandomForest
moons_438.csv,1400,6,0.9428571428571428,0.9214285714285714,0.925,RandomForest
moons_439.csv,1400,6,0.9464285714285714,0.925,0.9214285714285714,RandomForest
moons_440.csv,1400,6,0.9535714285714286,0.9357142857142857,0.9535714285714286,RandomForest
moons_441.csv,1400,6,0.9464285714285714,0.9214285714285714,0.9071428571428571,RandomForest
moons_442.csv,1400,6,0.9714285714285714,0.9214285714285714,0.9178571428571428,RandomForest
moons_443.csv,1400,6,0.9321428571428572,0.9,0.9178571428571428,RandomForest
moons_444.csv,1400,6,0.9357142857142857,0.925,0.9357142857142857,RandomForest
moons_445.csv,1400,6,0.9428571428571428,0.9214285714285714,0.9321428571428572,RandomForest
moons_446.csv,1400,6,0.925,0.9214285714285714,0.9035714285714286,RandomForest
moons_447.csv,1400,6,0.95,0.9321428571428572,0.925,RandomForest
moons_448.csv,1400,6,0.9357142857142857,0.9107142857142857,0.9357142857142857,RandomForest
moons_449.csv,1400,6,0.95,0.9285714285714286,0.9214285714285714,RandomForest
moons_450.csv,1400,6,0.9357142857142857,0.9285714285714286,0.925,RandomForest
moons_451.csv,1400,6,0.9464285714285714,0.9321428571428572,0.9571428571428572,SVM
moons_452.csv,1400,6,0.9535714285714286,0.9428571428571428,0.9285714285714286,RandomForest
moons_453.csv,1400,6,0.9392857142857143,0.9321428571428572,0.9285714285714286,RandomForest
moons_454.csv,1400,6,0.9428571428571428,0.9142857142857143,0.9357142857142857,RandomForest
moons_455.csv,1400,6,0.95,0.9107142857142857,0.9607142857142857,SVM
moons_456.csv,1400,6,0.9392857142857143,0.9178571428571428,0.9035714285714286,RandomForest
moons_457.csv,1400,6,0.9392857142857143,0.9285714285714286,0.9178571428571428,RandomForest
moons_458.csv,1400,6,0.9357142857142857,0.9107142857142857,0.9071428571428571,RandomForest
moons_459.csv,1400,6,0.95,0.9107142857142857,0.95,RandomForest
moons_460.csv,1400,6,0.9321428571428572,0.9,0.9035714285714286,RandomForest
moons_461.csv,1400,6,0.9535714285714286,0.9392857142857143,0.9535714285714286,RandomForest
moons_462.csv,1400,6,0.925,0.9071428571428571,0.8964285714285715,RandomForest
moons_463.csv,1400,6,0.9571428571428572,0.9428571428571428,0.9321428571428572,RandomForest
moons_464.csv,1400,6,0.9392857142857143,0.9214285714285714,0.9357142857142857,RandomForest
moons_465.csv,1400,6,0.9571428571428572,0.95,0.9535714285714286,RandomForest
moons_466.csv,1400,6,0.9535714285714286,0.9357142857142857,0.9392857142857143,RandomForest
moons_467.csv,1400,6,0.9571428571428572,0.9392857142857143,0.9392857142857143,RandomForest
moons_468.csv,1400,6,0.9214285714285714,0.9071428571428571,0.9285714285714286,SVM
moons_469.csv,1400,6,0.9571428571428572,0.9428571428571428,0.9678571428571429,SVM
moons_470.csv,1400,6,0.9678571428571429,0.9428571428571428,0.9464285714285714,RandomForest
moons_471.csv,1400,6,0.9357142857142857,0.875,0.9107142857142857,RandomForest
moons_472.csv,1400,6,0.9285714285714286,0.8857142857142857,0.9071428571428571,RandomForest
moons_473.csv,1400,6,0.9464285714285714,0.925,0.9071428571428571,RandomForest
moons_474.csv,1400,6,0.9071428571428571,0.9,0.9035714285714286,RandomForest
moons_475.csv,1400,6,0.9464285714285714,0.9285714285714286,0.9428571428571428,RandomForest
moons_476.csv,1400,6,0.9392857142857143,0.9178571428571428,0.9357142857142857,RandomForest
moons_477.csv,1400,6,0.9571428571428572,0.9357142857142857,0.95,RandomForest
moons_478.csv,1400,6,0.9428571428571428,0.9321428571428572,0.9357142857142857,RandomForest
moons_479.csv,1400,6,0.9428571428571428,0.9321428571428572,0.9642857142857143,SVM
moons_480.csv,1400,6,0.95,0.9285714285714286,0.9535714285714286,SVM
moons_481.csv,1400,6,0.9535714285714286,0.9178571428571428,0.9321428571428572,RandomForest
moons_482.csv,1400,6,0.9464285714285714,0.9142857142857143,0.9464285714285714,RandomForest
moons_483.csv,1400,6,0.9428571428571428,0.8964285714285715,0.925,RandomForest
moons_484.csv,1400,6,0.9214285714285714,0.9071428571428571,0.8964285714285715,RandomForest
moons_485.csv,1400,6,0.9464285714285714,0.9535714285714286,0.9357142857142857,DecisionTree
moons_486.csv,1400,6,0.9678571428571429,0.9357142857142857,0.9392857142857143,RandomForest
moons_487.csv,1400,6,0.9428571428571428,0.9214285714285714,0.9392857142857143,RandomForest
moons_488.csv,1400,6,0.9607142857142857,0.9392857142857143,0.9321428571428572,RandomForest
moons_489.csv,1400,6,0.9321428571428572,0.9178571428571428,0.9178571428571428,RandomForest
moons_490.csv,1400,6,0.9464285714285714,0.9357142857142857,0.9285714285714286,RandomForest
moons_491.csv,1400,6,0.9428571428571428,0.9071428571428571,0.9142857142857143,RandomForest
moons_492.csv,1400,6,0.95,0.9357142857142857,0.9678571428571429,SVM
moons_493.csv,1400,6,0.95,0.925,0.925,RandomForest
moons_494.csv,1400,6,0.9607142857142857,0.9392857142857143,0.9214285714285714,RandomForest
moons_495.csv,1400,6,0.975,0.9321428571428572,0.9607142857142857,RandomForest
moons_496.csv,1400,6,0.9321428571428572,0.8857142857142857,0.9178571428571428,RandomForest
moons_497.csv,1400,6,0.9678571428571429,0.9571428571428572,0.9642857142857143,RandomForest
moons_498.csv,1400,6,0.9714285714285714,0.9214285714285714,0.9642857142857143,RandomForest
moons_499.csv,1400,6,0.9571428571428572,0.9392857142857143,0.9535714285714286,RandomForest
moons_500.csv,1400,6,0.95,0.9178571428571428,0.9607142857142857,SVM
moons_501.csv,1400,6,0.9357142857142857,0.9392857142857143,0.9428571428571428,SVM
moons_502.csv,1400,6,0.9464285714285714,0.95,0.9428571428571428,DecisionTree
moons_503.csv,1400,6,0.9642857142857143,0.9535714285714286,0.975,SVM
moons_504.csv,1400,6,0.9392857142857143,0.9178571428571428,0.9392857142857143,RandomForest
moons_505.csv,1400,6,0.9607142857142857,0.9321428571428572,0.95,RandomForest
moons_506.csv,1400,6,0.9571428571428572,0.925,0.9714285714285714,SVM
moons_507.csv,1400,6,0.9392857142857143,0.9178571428571428,0.9142857142857143,RandomForest
moons_508.csv,1400,6,0.9714285714285714,0.9214285714285714,0.9785714285714285,SVM
moons_509.csv,1400,6,0.9607142857142857,0.9285714285714286,0.9428571428571428,RandomForest
moons_510.csv,1400,6,0.9392857142857143,0.9357142857142857,0.9035714285714286,RandomForest
moons_511.csv,1400,6,0.9464285714285714,0.9071428571428571,0.9178571428571428,RandomForest
moons_512.csv,1400,6,0.9392857142857143,0.8785714285714286,0.9214285714285714,RandomForest
moons_513.csv,1400,6,0.9464285714285714,0.9035714285714286,0.95,SVM
moons_514.csv,1400,6,0.9321428571428572,0.9,0.925,RandomForest
moons_515.csv,1400,6,0.9357142857142857,0.9035714285714286,0.9107142857142857,RandomForest
moons_516.csv,1400,6,0.9428571428571428,0.9357142857142857,0.9178571428571428,RandomForest
moons_517.csv,1400,6,0.9392857142857143,0.9285714285714286,0.8892857142857142,RandomForest
moons_518.csv,1400,6,0.9642857142857143,0.95,0.9357142857142857,RandomForest
moons_519.csv,1400,6,0.9428571428571428,0.9214285714285714,0.9178571428571428,RandomForest
moons_520.csv,1400,6,0.9428571428571428,0.9035714285714286,0.9142857142857143,RandomForest
moons_521.csv,1400,6,0.9571428571428572,0.9321428571428572,0.9571428571428572,RandomForest
moons_522.csv,1400,6,0.95,0.9392857142857143,0.9607142857142857,SVM
moons_523.csv,1400,6,0.9142857142857143,0.8964285714285715,0.9214285714285714,SVM
moons_524.csv,1400,6,0.9571428571428572,0.9321428571428572,0.9571428571428572,RandomForest
moons_525.csv,1400,6,0.9464285714285714,0.9464285714285714,0.9321428571428572,RandomForest
moons_526.csv,1400,6,0.9642857142857143,0.9321428571428572,0.9464285714285714,RandomForest
moons_527.csv,1400,6,0.9428571428571428,0.9428571428571428,0.9392857142857143,RandomForest
moons_528.csv,1400,6,0.9535714285714286,0.9464285714285714,0.9392857142857143,RandomForest
moons_529.csv,1400,6,0.9285714285714286,0.9178571428571428,0.9285714285714286,RandomForest
moons_530.csv,1400,6,0.9535714285714286,0.9392857142857143,0.9357142857142857,RandomForest
moons_531.csv,1400,6,0.925,0.9285714285714286,0.9214285714285714,DecisionTree
moons_532.csv,1400,6,0.9321428571428572,0.9035714285714286,0.9035714285714286,RandomForest
moons_533.csv,1400,6,0.9285714285714286,0.9142857142857143,0.925,RandomForest
moons_534.csv,1400,6,0.9535714285714286,0.9107142857142857,0.9285714285714286,RandomForest
moons_535.csv,1400,6,0.9428571428571428,0.9,0.9178571428571428,RandomForest
moons_536.csv,1400,6,0.9714285714285714,0.9535714285714286,0.9357142857142857,RandomForest
moons_537.csv,1400,6,0.9357142857142857,0.9285714285714286,0.9071428571428571,RandomForest
moons_538.csv,1400,6,0.9464285714285714,0.9214285714285714,0.9428571428571428,RandomForest
moons_539.csv,1400,6,0.9392857142857143,0.9035714285714286,0.9285714285714286,RandomForest
moons_540.csv,1400,6,0.9357142857142857,0.925,0.9107142857142857,RandomForest
moons_541.csv,1400,6,0.9392857142857143,0.9321428571428572,0.9535714285714286,SVM
moons_542.csv,1400,6,0.9392857142857143,0.9142857142857143,0.9285714285714286,RandomForest
moons_543.csv,1400,6,0.9392857142857143,0.8714285714285714,0.9142857142857143,RandomForest
moons_544.csv,1400,6,0.9392857142857143,0.9214285714285714,0.9321428571428572,RandomForest
moons_545.csv,1400,6,0.9107142857142857,0.9071428571428571,0.8964285714285715,RandomForest
moons_546.csv,1400,6,0.95,0.9142857142857143,0.9321428571428572,RandomForest
moons_547.csv,1400,6,0.95,0.9321428571428572,0.9357142857142857,RandomForest
moons_548.csv,1400,6,0.9464285714285714,0.8964285714285715,0.925,RandomForest
moons_549.csv,1400,6,0.9642857142857143,0.925,0.95,RandomForest
moons_550.csv,1400,6,0.9464285714285714,0.9321428571428572,0.9214285714285714,RandomForest
moons_551.csv,1400,6,0.9428571428571428,0.9285714285714286,0.9321428571428572,RandomForest
moons_552.csv,1400,6,0.9428571428571428,0.9285714285714286,0.9428571428571428,RandomForest
moons_553.csv,1400,6,0.9178571428571428,0.9142857142857143,0.8928571428571429,RandomForest
moons_554.csv,1400,6,0.9428571428571428,0.9321428571428572,0.95,SVM
moons_555.csv,1400,6,0.9535714285714286,0.9178571428571428,0.9321428571428572,RandomForest
moons_556.csv,1400,6,0.9535714285714286,0.9107142857142857,0.9392857142857143,RandomForest
moons_557.csv,1400,6,0.9714285714285714,0.9321428571428572,0.9535714285714286,RandomForest
moons_558.csv,1400,6,0.9571428571428572,0.925,0.9428571428571428,RandomForest
moons_559.csv,1400,6,0.95,0.9357142857142857,0.9321428571428572,RandomForest
moons_560.csv,1400,6,0.925,0.9035714285714286,0.9,RandomForest
moons_561.csv,1400,6,0.9428571428571428,0.9285714285714286,0.9464285714285714,SVM
moons_562.csv,1400,6,0.9428571428571428,0.9214285714285714,0.9464285714285714,SVM
moons_563.csv,1400,6,0.9535714285714286,0.9035714285714286,0.9464285714285714,RandomForest
moons_564.csv,1400,6,0.9392857142857143,0.9285714285714286,0.9321428571428572,RandomForest
moons_565.csv,1400,6,0.9392857142857143,0.9035714285714286,0.9321428571428572,RandomForest
moons_566.csv,1400,6,0.9464285714285714,0.9321428571428572,0.9214285714285714,RandomForest
moons_567.csv,1400,6,0.9357142857142857,0.9392857142857143,0.925,DecisionTree
moons_568.csv,1400,6,0.9142857142857143,0.9142857142857143,0.9214285714285714,SVM
moons_569.csv,1400,6,0.9678571428571429,0.9571428571428572,0.9571428571428572,RandomForest
moons_570.csv,1400,6,0.9285714285714286,0.925,0.9321428571428572,SVM
moons_571.csv,1400,6,0.9571428571428572,0.925,0.9428571428571428,RandomForest
moons_572.csv,1400,6,0.95,0.9428571428571428,0.95,RandomForest
moons_573.csv,1400,6,0.9428571428571428,0.9357142857142857,0.9321428571428572,RandomForest
moons_574.csv,1400,6,0.9214285714285714,0.8892857142857142,0.8964285714285715,RandomForest
moons_575.csv,1400,6,0.9428571428571428,0.9321428571428572,0.9285714285714286,RandomForest
moons_576.csv,1400,6,0.9428571428571428,0.9,0.8964285714285715,RandomForest
moons_577.csv,1400,6,0.95,0.9357142857142857,0.9392857142857143,RandomForest
moons_578.csv,1400,6,0.9428571428571428,0.925,0.9321428571428572,RandomForest
moons_579.csv,1400,6,0.9535714285714286,0.95,0.9464285714285714,RandomForest
moons_580.csv,1400,6,0.9642857142857143,0.9464285714285714,0.9357142857142857,RandomForest
moons_581.csv,1400,6,0.9678571428571429,0.9428571428571428,0.9392857142857143,RandomForest
moons_582.csv,1400,6,0.9642857142857143,0.9464285714285714,0.9714285714285714,SVM
moons_583.csv,1400,6,0.9464285714285714,0.95,0.9464285714285714,DecisionTree
moons_584.csv,1400,6,0.9285714285714286,0.9035714285714286,0.8857142857142857,RandomForest
moons_585.csv,1400,6,0.9607142857142857,0.9642857142857143,0.9571428571428572,DecisionTree
moons_586.csv,1400,6,0.9285714285714286,0.9321428571428572,0.9107142857142857,DecisionTree
moons_587.csv,1400,6,0.95,0.9035714285714286,0.9214285714285714,RandomForest
moons_588.csv,1400,6,0.95,0.9321428571428572,0.9464285714285714,RandomForest
moons_589.csv,1400,6,0.95,0.9357142857142857,0.9571428571428572,SVM
moons_590.csv,1400,6,0.925,0.9107142857142857,0.9321428571428572,SVM
moons_591.csv,1400,6,0.95,0.9035714285714286,0.9178571428571428,RandomForest
moons_592.csv,1400,6,0.9428571428571428,0.9321428571428572,0.9464285714285714,SVM
moons_593.csv,1400,6,0.9321428571428572,0.9178571428571428,0.9285714285714286,RandomForest
moons_594.csv,1400,6,0.9392857142857143,0.9071428571428571,0.9321428571428572,RandomForest
moons_595.csv,1400,6,0.925,0.9071428571428571,0.9178571428571428,RandomForest
moons_596.csv,1400,6,0.95,0.9178571428571428,0.9321428571428572,RandomForest
moons_597.csv,1400,6,0.95,0.9357142857142857,0.9178571428571428,RandomForest
moons_598.csv,1400,6,0.9571428571428572,0.9321428571428572,0.9321428571428572,RandomForest
moons_599.csv,1400,6,0.9464285714285714,0.9142857142857143,0.9357142857142857,RandomForest
quadratic_800.csv,1400,6,0.8964285714285715,0.8321428571428572,0.8928571428571429,RandomForest
quadratic_801.csv,1400,6,0.9357142857142857,0.9214285714285714,0.9321428571428572,RandomForest
quadratic_802.csv,1400,6,0.9392857142857143,0.9357142857142857,0.9464285714285714,SVM
quadratic_803.csv,1400,6,0.9321428571428572,0.8928571428571429,0.95,SVM
quadratic_804.csv,1400,6,0.875,0.8,0.8928571428571429,SVM
quadratic_805.csv,1400,6,0.9714285714285714,0.9535714285714286,0.9607142857142857,RandomForest
quadratic_806.csv,1400,6,0.9714285714285714,0.9285714285714286,0.9464285714285714,RandomForest
quadratic_807.csv,1400,6,0.8785714285714286,0.8,0.9,SVM
quadratic_808.csv,1400,6,0.9464285714285714,0.8892857142857142,0.9107142857142857,RandomForest
quadratic_809.csv,1400,6,0.9642857142857143,0.9464285714285714,0.95,RandomForest
quadratic_810.csv,1400,6,0.8821428571428571,0.8285714285714286,0.9107142857142857,SVM
quadratic_811.csv,1400,6,0.9178571428571428,0.825,0.9,RandomForest
quadratic_812.csv,1400,6,0.9,0.85,0.875,RandomForest
quadratic_813.csv,1400,6,0.9464285714285714,0.8857142857142857,0.9392857142857143,RandomForest
quadratic_814.csv,1400,6,0.9285714285714286,0.8678571428571429,0.9071428571428571,RandomForest
quadratic_815.csv,1400,6,0.9392857142857143,0.9214285714285714,0.9321428571428572,RandomForest
quadratic_816.csv,1400,6,0.925,0.85,0.9178571428571428,RandomForest
quadratic_817.csv,1400,6,0.8464285714285714,0.8071428571428572,0.9107142857142857,SVM
quadratic_818.csv,1400,6,0.9071428571428571,0.8642857142857143,0.8678571428571429,RandomForest
quadratic_819.csv,1400,6,0.9107142857142857,0.8535714285714285,0.8892857142857142,RandomForest
quadratic_820.csv,1400,6,0.9785714285714285,0.9642857142857143,0.9535714285714286,RandomForest
quadratic_821.csv,1400,6,0.9321428571428572,0.8892857142857142,0.9392857142857143,SVM
quadratic_822.csv,1400,6,0.9,0.8321428571428572,0.8892857142857142,RandomForest
quadratic_823.csv,1400,6,0.9392857142857143,0.9035714285714286,0.9535714285714286,SVM
quadratic_824.csv,1400,6,0.9357142857142857,0.9178571428571428,0.9428571428571428,SVM
quadratic_825.csv,1400,6,0.9357142857142857,0.925,0.9392857142857143,SVM
quadratic_826.csv,1400,6,0.9071428571428571,0.825,0.9142857142857143,SVM
quadratic_827.csv,1400,6,0.8428571428571429,0.7321428571428571,0.9107142857142857,SVM
quadratic_828.csv,1400,6,0.925,0.9107142857142857,0.9214285714285714,RandomForest
quadratic_829.csv,1400,6,0.8821428571428571,0.8035714285714286,0.8821428571428571,RandomForest
quadratic_830.csv,1400,6,0.8892857142857142,0.7535714285714286,0.9035714285714286,SVM
quadratic_831.csv,1400,6,0.8964285714285715,0.8392857142857143,0.8928571428571429,RandomForest
quadratic_832.csv,1400,6,0.9,0.8607142857142858,0.8964285714285715,RandomForest
quadratic_833.csv,1400,6,0.9571428571428572,0.9178571428571428,0.9428571428571428,RandomForest
quadratic_834.csv,1400,6,0.9678571428571429,0.9285714285714286,0.9357142857142857,RandomForest
quadratic_835.csv,1400,6,0.9142857142857143,0.875,0.8857142857142857,RandomForest
quadratic_836.csv,1400,6,0.9392857142857143,0.8964285714285715,0.9321428571428572,RandomForest
quadratic_837.csv,1400,6,0.8892857142857142,0.8535714285714285,0.8964285714285715,SVM
quadratic_838.csv,1400,6,0.9107142857142857,0.8285714285714286,0.9,RandomForest
quadratic_839.csv,1400,6,0.8642857142857143,0.8392857142857143,0.9071428571428571,SVM
quadratic_840.csv,1400,6,0.9142857142857143,0.8678571428571429,0.9142857142857143,RandomForest
quadratic_841.csv,1400,6,0.9285714285714286,0.8892857142857142,0.9214285714285714,RandomForest
quadratic_842.csv,1400,6,0.8392857142857143,0.775,0.8857142857142857,SVM
quadratic_843.csv,1400,6,0.9785714285714285,0.95,0.9607142857142857,RandomForest
quadratic_844.csv,1400,6,0.9285714285714286,0.8892857142857142,0.9107142857142857,RandomForest
quadratic_845.csv,1400,6,0.9392857142857143,0.8714285714285714,0.9071428571428571,RandomForest
quadratic_846.csv,1400,6,0.9357142857142857,0.8892857142857142,0.9,RandomForest
quadratic_847.csv,1400,6,0.8392857142857143,0.8035714285714286,0.9,SVM
quadratic_848.csv,1400,6,0.8714285714285714,0.7535714285714286,0.9107142857142857,SVM
quadratic_849.csv,1400,6,0.9392857142857143,0.9071428571428571,0.9321428571428572,RandomForest
quadratic_850.csv,1400,6,0.8785714285714286,0.8071428571428572,0.9285714285714286,SVM
quadratic_851.csv,1400,6,0.8964285714285715,0.8214285714285714,0.9321428571428572,SVM
quadratic_852.csv,1400,6,0.9464285714285714,0.9214285714285714,0.9428571428571428,RandomForest
quadratic_853.csv,1400,6,0.95,0.9357142857142857,0.9357142857142857,RandomForest
quadratic_854.csv,1400,6,0.8892857142857142,0.8321428571428572,0.8857142857142857,RandomForest
quadratic_855.csv,1400,6,0.8678571428571429,0.75,0.8821428571428571,SVM
quadratic_856.csv,1400,6,0.9571428571428572,0.9321428571428572,0.9321428571428572,RandomForest
quadratic_857.csv,1400,6,0.9,0.7607142857142857,0.8964285714285715,RandomForest
quadratic_858.csv,1400,6,0.8857142857142857,0.8,0.9,SVM
quadratic_859.csv,1400,6,0.8535714285714285,0.7785714285714286,0.875,SVM
quadratic_860.csv,1400,6,0.9178571428571428,0.8142857142857143,0.9142857142857143,RandomForest
quadratic_861.csv,1400,6,0.8857142857142857,0.8178571428571428,0.8892857142857142,SVM
quadratic_862.csv,1400,6,0.9178571428571428,0.8071428571428572,0.8928571428571429,RandomForest
quadratic_863.csv,1400,6,0.9,0.8071428571428572,0.8678571428571429,RandomForest
quadratic_864.csv,1400,6,0.9142857142857143,0.7964285714285714,0.9107142857142857,RandomForest
quadratic_865.csv,1400,6,0.9535714285714286,0.9071428571428571,0.9535714285714286,RandomForest
quadratic_866.csv,1400,6,0.9571428571428572,0.925,0.9535714285714286,RandomForest
quadratic_867.csv,1400,6,0.8214285714285714,0.7642857142857142,0.8678571428571429,SVM
quadratic_868.csv,1400,6,0.9071428571428571,0.8535714285714285,0.9142857142857143,SVM
quadratic_869.csv,1400,6,0.95,0.9178571428571428,0.9428571428571428,RandomForest
quadratic_870.csv,1400,6,0.8964285714285715,0.8107142857142857,0.8785714285714286,RandomForest
quadratic_871.csv,1400,6,0.9285714285714286,0.8464285714285714,0.9035714285714286,RandomForest
quadratic_872.csv,1400,6,0.9107142857142857,0.8571428571428571,0.8964285714285715,RandomForest
quadratic_873.csv,1400,6,0.9607142857142857,0.9607142857142857,0.9428571428571428,RandomForest
quadratic_874.csv,1400,6,0.8892857142857142,0.8464285714285714,0.9071428571428571,SVM
quadratic_875.csv,1400,6,0.9392857142857143,0.8357142857142857,0.8857142857142857,RandomForest
quadratic_876.csv,1400,6,0.9285714285714286,0.8428571428571429,0.9071428571428571,RandomForest
quadratic_877.csv,1400,6,0.9357142857142857,0.9107142857142857,0.9321428571428572,RandomForest
quadratic_878.csv,1400,6,0.85,0.7785714285714286,0.9071428571428571,SVM
quadratic_879.csv,1400,6,0.9071428571428571,0.8428571428571429,0.9107142857142857,SVM
quadratic_880.csv,1400,6,0.9107142857142857,0.8035714285714286,0.9142857142857143,SVM
quadratic_881.csv,1400,6,0.8857142857142857,0.7678571428571429,0.925,SVM
quadratic_882.csv,1400,6,0.9285714285714286,0.9285714285714286,0.9107142857142857,RandomForest
quadratic_883.csv,1400,6,0.9607142857142857,0.9464285714285714,0.95,RandomForest
quadratic_884.csv,1400,6,0.9464285714285714,0.875,0.9035714285714286,RandomForest
quadratic_885.csv,1400,6,0.95,0.9285714285714286,0.9535714285714286,SVM
quadratic_886.csv,1400,6,0.8964285714285715,0.7678571428571429,0.8892857142857142,RandomForest
quadratic_887.csv,1400,6,0.8785714285714286,0.8142857142857143,0.8785714285714286,RandomForest
quadratic_888.csv,1400,6,0.9285714285714286,0.925,0.9428571428571428,SVM
quadratic_889.csv,1400,6,0.8642857142857143,0.8357142857142857,0.8892857142857142,SVM
quadratic_890.csv,1400,6,0.9321428571428572,0.9428571428571428,0.9357142857142857,DecisionTree
quadratic_891.csv,1400,6,0.8642857142857143,0.7678571428571429,0.8821428571428571,SVM
quadratic_892.csv,1400,6,0.8678571428571429,0.8321428571428572,0.9035714285714286,SVM
quadratic_893.csv,1400,6,0.9071428571428571,0.7964285714285714,0.9214285714285714,SVM
quadratic_894.csv,1400,6,0.8321428571428572,0.7928571428571428,0.8678571428571429,SVM
quadratic_895.csv,1400,6,0.9285714285714286,0.875,0.9357142857142857,SVM
quadratic_896.csv,1400,6,0.9357142857142857,0.9464285714285714,0.9464285714285714,DecisionTree
quadratic_897.csv,1400,6,0.9428571428571428,0.9285714285714286,0.9571428571428572,SVM
quadratic_898.csv,1400,6,0.8964285714285715,0.8464285714285714,0.8821428571428571,RandomForest
quadratic_899.csv,1400,6,0.9214285714285714,0.8214285714285714,0.9071428571428571,RandomForest
quadratic_900.csv,1400,6,0.9,0.7607142857142857,0.9285714285714286,SVM
quadratic_901.csv,1400,6,0.925,0.8392857142857143,0.8964285714285715,RandomForest
quadratic_902.csv,1400,6,0.9571428571428572,0.9357142857142857,0.9464285714285714,RandomForest
quadratic_903.csv,1400,6,0.9214285714285714,0.8642857142857143,0.8892857142857142,RandomForest
quadratic_904.csv,1400,6,0.9607142857142857,0.9464285714285714,0.95,RandomForest
quadratic_905.csv,1400,6,0.8785714285714286,0.8107142857142857,0.9035714285714286,SVM
quadratic_906.csv,1400,6,0.8714285714285714,0.8071428571428572,0.9071428571428571,SVM
quadratic_907.csv,1400,6,0.925,0.8428571428571429,0.8928571428571429,RandomForest
quadratic_908.csv,1400,6,0.9285714285714286,0.8607142857142858,0.9214285714285714,RandomForest
quadratic_909.csv,1400,6,0.9285714285714286,0.9071428571428571,0.9142857142857143,RandomForest
quadratic_910.csv,1400,6,0.9428571428571428,0.8785714285714286,0.9571428571428572,SVM
quadratic_911.csv,1400,6,0.9392857142857143,0.9107142857142857,0.8928571428571429,RandomForest
quadratic_912.csv,1400,6,0.8964285714285715,0.8178571428571428,0.8821428571428571,RandomForest
quadratic_913.csv,1400,6,0.9535714285714286,0.95,0.9535714285714286,RandomForest
quadratic_914.csv,1400,6,0.9357142857142857,0.8678571428571429,0.9,RandomForest
quadratic_915.csv,1400,6,0.8892857142857142,0.8142857142857143,0.9214285714285714,SVM
quadratic_916.csv,1400,6,0.9107142857142857,0.8428571428571429,0.9178571428571428,SVM
quadratic_917.csv,1400,6,0.9071428571428571,0.8392857142857143,0.8678571428571429,RandomForest
quadratic_918.csv,1400,6,0.95,0.9285714285714286,0.925,RandomForest
quadratic_919.csv,1400,6,0.8607142857142858,0.8035714285714286,0.8607142857142858,RandomForest
quadratic_920.csv,1400,6,0.9535714285714286,0.9035714285714286,0.9428571428571428,RandomForest
quadratic_921.csv,1400,6,0.9642857142857143,0.8964285714285715,0.925,RandomForest
quadratic_922.csv,1400,6,0.875,0.8178571428571428,0.9178571428571428,SVM
quadratic_923.csv,1400,6,0.8535714285714285,0.7607142857142857,0.8464285714285714,RandomForest
quadratic_924.csv,1400,6,0.9071428571428571,0.8357142857142857,0.8607142857142858,RandomForest
quadratic_925.csv,1400,6,0.8678571428571429,0.7857142857142857,0.9071428571428571,SVM
quadratic_926.csv,1400,6,0.9107142857142857,0.8035714285714286,0.8892857142857142,RandomForest
quadratic_927.csv,1400,6,0.9428571428571428,0.925,0.925,RandomForest
quadratic_928.csv,1400,6,0.9285714285714286,0.9142857142857143,0.9392857142857143,SVM
quadratic_929.csv,1400,6,0.9428571428571428,0.8714285714285714,0.9,RandomForest
quadratic_930.csv,1400,6,0.8785714285714286,0.7714285714285715,0.8821428571428571,SVM
quadratic_931.csv,1400,6,0.9571428571428572,0.95,0.9607142857142857,SVM
quadratic_932.csv,1400,6,0.9607142857142857,0.925,0.9464285714285714,RandomForest
quadratic_933.csv,1400,6,0.9571428571428572,0.9464285714285714,0.9607142857142857,SVM
quadratic_934.csv,1400,6,0.8571428571428571,0.775,0.925,SVM
quadratic_935.csv,1400,6,0.8964285714285715,0.8392857142857143,0.8857142857142857,RandomForest
quadratic_936.csv,1400,6,0.95,0.9392857142857143,0.9535714285714286,SVM
quadratic_937.csv,1400,6,0.875,0.8142857142857143,0.8964285714285715,SVM
quadratic_938.csv,1400,6,0.9142857142857143,0.9142857142857143,0.9142857142857143,RandomForest
quadratic_939.csv,1400,6,0.9571428571428572,0.9142857142857143,0.9642857142857143,SVM
quadratic_940.csv,1400,6,0.9214285714285714,0.8607142857142858,0.925,SVM
quadratic_941.csv,1400,6,0.9571428571428572,0.9535714285714286,0.95,RandomForest
quadratic_942.csv,1400,6,0.9571428571428572,0.925,0.9392857142857143,RandomForest
quadratic_943.csv,1400,6,0.8964285714285715,0.8428571428571429,0.875,RandomForest
quadratic_944.csv,1400,6,0.8964285714285715,0.8392857142857143,0.9142857142857143,SVM
quadratic_945.csv,1400,6,0.8857142857142857,0.8142857142857143,0.8892857142857142,SVM
quadratic_946.csv,1400,6,0.9535714285714286,0.9321428571428572,0.9321428571428572,RandomForest
quadratic_947.csv,1400,6,0.9607142857142857,0.9,0.9178571428571428,RandomForest
quadratic_948.csv,1400,6,0.95,0.9428571428571428,0.9464285714285714,RandomForest
quadratic_949.csv,1400,6,0.9035714285714286,0.8464285714285714,0.9071428571428571,SVM
quadratic_950.csv,1400,6,0.9285714285714286,0.85,0.9142857142857143,RandomForest
quadratic_951.csv,1400,6,0.8928571428571429,0.8535714285714285,0.8714285714285714,RandomForest
quadratic_952.csv,1400,6,0.9607142857142857,0.9214285714285714,0.9607142857142857,RandomForest
quadratic_953.csv,1400,6,0.9,0.8821428571428571,0.875,RandomForest
quadratic_954.csv,1400,6,0.9,0.8071428571428572,0.875,RandomForest
quadratic_955.csv,1400,6,0.9178571428571428,0.8821428571428571,0.9,RandomForest
quadratic_956.csv,1400,6,0.9571428571428572,0.9571428571428572,0.95,RandomForest
quadratic_957.csv,1400,6,0.9071428571428571,0.8071428571428572,0.9035714285714286,RandomForest
quadratic_958.csv,1400,6,0.9571428571428572,0.9142857142857143,0.9392857142857143,RandomForest
quadratic_959.csv,1400,6,0.9321428571428572,0.85,0.9,RandomForest
quadratic_960.csv,1400,6,0.9392857142857143,0.8821428571428571,0.9,RandomForest
quadratic_961.csv,1400,6,0.9071428571428571,0.8178571428571428,0.9035714285714286,RandomForest
quadratic_962.csv,1400,6,0.8964285714285715,0.8071428571428572,0.8928571428571429,RandomForest
quadratic_963.csv,1400,6,0.9285714285714286,0.9,0.925,RandomForest
quadratic_964.csv,1400,6,0.8535714285714285,0.7892857142857143,0.8857142857142857,SVM
quadratic_965.csv,1400,6,0.9464285714285714,0.8964285714285715,0.9428571428571428,RandomForest
quadratic_966.csv,1400,6,0.8964285714285715,0.8285714285714286,0.9107142857142857,SVM
quadratic_967.csv,1400,6,0.8964285714285715,0.8178571428571428,0.8821428571428571,RandomForest
quadratic_968.csv,1400,6,0.9214285714285714,0.8678571428571429,0.8928571428571429,RandomForest
quadratic_969.csv,1400,6,0.8607142857142858,0.8142857142857143,0.9,SVM
quadratic_970.csv,1400,6,0.8857142857142857,0.7464285714285714,0.95,SVM
quadratic_971.csv,1400,6,0.95,0.9178571428571428,0.9321428571428572,RandomForest
quadratic_972.csv,1400,6,0.9714285714285714,0.9428571428571428,0.9714285714285714,RandomForest
quadratic_973.csv,1400,6,0.9285714285714286,0.9357142857142857,0.9214285714285714,DecisionTree
quadratic_974.csv,1400,6,0.9321428571428572,0.8714285714285714,0.875,RandomForest
quadratic_975.csv,1400,6,0.8892857142857142,0.7714285714285715,0.8928571428571429,SVM
quadratic_976.csv,1400,6,0.8892857142857142,0.825,0.8464285714285714,RandomForest
quadratic_977.csv,1400,6,0.9428571428571428,0.9392857142857143,0.9535714285714286,SVM
quadratic_978.csv,1400,6,0.8785714285714286,0.7892857142857143,0.875,RandomForest
quadratic_979.csv,1400,6,0.9392857142857143,0.9285714285714286,0.9285714285714286,RandomForest
quadratic_980.csv,1400,6,0.925,0.8857142857142857,0.9,RandomForest
quadratic_981.csv,1400,6,0.9142857142857143,0.8392857142857143,0.9214285714285714,SVM
quadratic_982.csv,1400,6,0.8821428571428571,0.7821428571428571,0.8928571428571429,SVM
quadratic_983.csv,1400,6,0.8607142857142858,0.8035714285714286,0.8928571428571429,SVM
quadratic_984.csv,1400,6,0.9107142857142857,0.8857142857142857,0.925,SVM
quadratic_985.csv,1400,6,0.875,0.8535714285714285,0.9,SVM
quadratic_986.csv,1400,6,0.8857142857142857,0.7892857142857143,0.9035714285714286,SVM
quadratic_987.csv,1400,6,0.9642857142857143,0.875,0.9142857142857143,RandomForest
quadratic_988.csv,1400,6,0.9535714285714286,0.9178571428571428,0.9642857142857143,SVM
quadratic_989.csv,1400,6,0.9,0.8392857142857143,0.925,SVM
quadratic_990.csv,1400,6,0.8464285714285714,0.7607142857142857,0.925,SVM
quadratic_991.csv,1400,6,0.9678571428571429,0.925,0.9642857142857143,RandomForest
quadratic_992.csv,1400,6,0.85,0.7678571428571429,0.8821428571428571,SVM
quadratic_993.csv,1400,6,0.9392857142857143,0.9142857142857143,0.9535714285714286,SVM
quadratic_994.csv,1400,6,0.9214285714285714,0.8821428571428571,0.9071428571428571,RandomForest
quadratic_995.csv,1400,6,0.9357142857142857,0.9178571428571428,0.9428571428571428,SVM
quadratic_996.csv,1400,6,0.9607142857142857,0.95,0.9464285714285714,RandomForest
quadratic_997.csv,1400,6,0.8535714285714285,0.7785714285714286,0.9,SVM
quadratic_998.csv,1400,6,0.9464285714285714,0.9321428571428572,0.9571428571428572,SVM
quadratic_999.csv,1400,6,0.8678571428571429,0.8321428571428572,0.8928571428571429,SVM
sandwich_600.csv,1400,6,0.8607142857142858,0.8428571428571429,0.8857142857142857,SVM
sandwich_601.csv,1400,6,0.8857142857142857,0.825,0.9071428571428571,SVM
sandwich_602.csv,1400,6,0.9,0.8607142857142858,0.8642857142857143,RandomForest
sandwich_603.csv,1400,6,0.8928571428571429,0.7928571428571428,0.8821428571428571,RandomForest
sandwich_604.csv,1400,6,0.8857142857142857,0.8214285714285714,0.8678571428571429,RandomForest
sandwich_605.csv,1400,6,0.9214285714285714,0.9142857142857143,0.9,RandomForest
sandwich_606.csv,1400,6,0.8714285714285714,0.8464285714285714,0.8928571428571429,SVM
sandwich_607.csv,1400,6,0.8785714285714286,0.8428571428571429,0.8821428571428571,SVM
sandwich_608.csv,1400,6,0.8607142857142858,0.8428571428571429,0.9107142857142857,SVM
sandwich_609.csv,1400,6,0.9357142857142857,0.9,0.8571428571428571,RandomForest
sandwich_610.csv,1400,6,0.9035714285714286,0.8964285714285715,0.8107142857142857,RandomForest
sandwich_611.csv,1400,6,0.9107142857142857,0.8964285714285715,0.8964285714285715,RandomForest
sandwich_612.csv,1400,6,0.8678571428571429,0.8321428571428572,0.9071428571428571,SVM
sandwich_613.csv,1400,6,0.9321428571428572,0.8214285714285714,0.9,RandomForest
sandwich_614.csv,1400,6,0.85,0.8035714285714286,0.8892857142857142,SVM
sandwich_615.csv,1400,6,0.8928571428571429,0.8428571428571429,0.8892857142857142,RandomForest
sandwich_616.csv,1400,6,0.8928571428571429,0.8785714285714286,0.8607142857142858,RandomForest
sandwich_617.csv,1400,6,0.9107142857142857,0.8607142857142858,0.875,RandomForest
sandwich_618.csv,1400,6,0.8964285714285715,0.8607142857142858,0.8678571428571429,RandomForest
sandwich_619.csv,1400,6,0.8535714285714285,0.825,0.8714285714285714,SVM
sandwich_620.csv,1400,6,0.8107142857142857,0.7642857142857142,0.9,SVM
sandwich_621.csv,1400,6,0.9107142857142857,0.8964285714285715,0.8892857142857142,RandomForest
sandwich_622.csv,1400,6,0.9035714285714286,0.8857142857142857,0.8357142857142857,RandomForest
sandwich_623.csv,1400,6,0.8392857142857143,0.8214285714285714,0.8821428571428571,SVM
sandwich_624.csv,1400,6,0.9142857142857143,0.8464285714285714,0.8892857142857142,RandomForest
sandwich_625.csv,1400,6,0.8642857142857143,0.775,0.8857142857142857,SVM
sandwich_626.csv,1400,6,0.8821428571428571,0.8678571428571429,0.9035714285714286,SVM
sandwich_627.csv,1400,6,0.8785714285714286,0.775,0.9035714285714286,SVM
sandwich_628.csv,1400,6,0.9178571428571428,0.8821428571428571,0.8392857142857143,RandomForest
sandwich_629.csv,1400,6,0.925,0.8857142857142857,0.875,RandomForest
sandwich_630.csv,1400,6,0.9321428571428572,0.9071428571428571,0.85,RandomForest
sandwich_631.csv,1400,6,0.9321428571428572,0.9357142857142857,0.8392857142857143,DecisionTree
sandwich_632.csv,1400,6,0.9035714285714286,0.8821428571428571,0.8321428571428572,RandomForest
sandwich_633.csv,1400,6,0.875,0.7964285714285714,0.9035714285714286,SVM
sandwich_634.csv,1400,6,0.9214285714285714,0.8821428571428571,0.8321428571428572,RandomForest
sandwich_635.csv,1400,6,0.8785714285714286,0.8464285714285714,0.8892857142857142,SVM
sandwich_636.csv,1400,6,0.8928571428571429,0.8535714285714285,0.8928571428571429,RandomForest
sandwich_637.csv,1400,6,0.9214285714285714,0.875,0.8785714285714286,RandomForest
sandwich_638.csv,1400,6,0.8821428571428571,0.8285714285714286,0.8607142857142858,RandomForest
sandwich_639.csv,1400,6,0.9178571428571428,0.8964285714285715,0.8821428571428571,RandomForest
sandwich_640.csv,1400,6,0.8642857142857143,0.7678571428571429,0.8678571428571429,SVM
sandwich_641.csv,1400,6,0.9321428571428572,0.9107142857142857,0.8642857142857143,RandomForest
sandwich_642.csv,1400,6,0.9178571428571428,0.8964285714285715,0.8142857142857143,RandomForest
sandwich_643.csv,1400,6,0.8821428571428571,0.8321428571428572,0.9214285714285714,SVM
sandwich_644.csv,1400,6,0.9285714285714286,0.8857142857142857,0.8892857142857142,RandomForest
sandwich_645.csv,1400,6,0.8892857142857142,0.825,0.8785714285714286,RandomForest
sandwich_646.csv,1400,6,0.8821428571428571,0.8535714285714285,0.9035714285714286,SVM
sandwich_647.csv,1400,6,0.8678571428571429,0.7857142857142857,0.8857142857142857,SVM
sandwich_648.csv,1400,6,0.925,0.875,0.875,RandomForest
sandwich_649.csv,1400,6,0.9285714285714286,0.9035714285714286,0.8107142857142857,RandomForest
sandwich_650.csv,1400,6,0.8857142857142857,0.8785714285714286,0.8785714285714286,RandomForest
sandwich_651.csv,1400,6,0.8607142857142858,0.7821428571428571,0.9321428571428572,SVM
sandwich_652.csv,1400,6,0.9142857142857143,0.8321428571428572,0.8785714285714286,RandomForest
sandwich_653.csv,1400,6,0.925,0.9107142857142857,0.8357142857142857,RandomForest
sandwich_654.csv,1400,6,0.9321428571428572,0.8392857142857143,0.8964285714285715,RandomForest
sandwich_655.csv,1400,6,0.9071428571428571,0.8142857142857143,0.8785714285714286,RandomForest
sandwich_656.csv,1400,6,0.8928571428571429,0.85,0.875,RandomForest
sandwich_657.csv,1400,6,0.9035714285714286,0.8928571428571429,0.825,RandomForest
sandwich_658.csv,1400,6,0.9464285714285714,0.9107142857142857,0.8642857142857143,RandomForest
sandwich_659.csv,1400,6,0.9178571428571428,0.8964285714285715,0.8428571428571429,RandomForest
sandwich_660.csv,1400,6,0.8535714285714285,0.8392857142857143,0.8642857142857143,SVM
sandwich_661.csv,1400,6,0.9178571428571428,0.8785714285714286,0.8857142857142857,RandomForest
sandwich_662.csv,1400,6,0.8964285714285715,0.8464285714285714,0.85,RandomForest
sandwich_663.csv,1400,6,0.9035714285714286,0.8821428571428571,0.8214285714285714,RandomForest
sandwich_664.csv,1400,6,0.8607142857142858,0.8321428571428572,0.8785714285714286,SVM
sandwich_665.csv,1400,6,0.8892857142857142,0.8071428571428572,0.8642857142857143,RandomForest
sandwich_666.csv,1400,6,0.9035714285714286,0.8464285714285714,0.8285714285714286,RandomForest
sandwich_667.csv,1400,6,0.9035714285714286,0.9,0.8678571428571429,RandomForest
sandwich_668.csv,1400,6,0.8821428571428571,0.8535714285714285,0.8321428571428572,RandomForest
sandwich_669.csv,1400,6,0.9178571428571428,0.8928571428571429,0.875,RandomForest
sandwich_670.csv,1400,6,0.9392857142857143,0.8785714285714286,0.8714285714285714,RandomForest
sandwich_671.csv,1400,6,0.9285714285714286,0.8928571428571429,0.8142857142857143,RandomForest
sandwich_672.csv,1400,6,0.8785714285714286,0.8285714285714286,0.8571428571428571,RandomForest
sandwich_673.csv,1400,6,0.9071428571428571,0.8928571428571429,0.9035714285714286,RandomForest
sandwich_674.csv,1400,6,0.9142857142857143,0.8642857142857143,0.8928571428571429,RandomForest
sandwich_675.csv,1400,6,0.9107142857142857,0.8785714285714286,0.8964285714285715,RandomForest
sandwich_676.csv,1400,6,0.9035714285714286,0.8607142857142858,0.8678571428571429,RandomForest
sandwich_677.csv,1400,6,0.9,0.8392857142857143,0.8821428571428571,RandomForest
sandwich_678.csv,1400,6,0.9107142857142857,0.8821428571428571,0.8571428571428571,RandomForest
sandwich_679.csv,1400,6,0.8857142857142857,0.8642857142857143,0.8714285714285714,RandomForest
sandwich_680.csv,1400,6,0.8928571428571429,0.8642857142857143,0.875,RandomForest
sandwich_681.csv,1400,6,0.8357142857142857,0.7821428571428571,0.8821428571428571,SVM
sandwich_682.csv,1400,6,0.8964285714285715,0.825,0.9071428571428571,SVM
sandwich_683.csv,1400,6,0.9357142857142857,0.8892857142857142,0.8821428571428571,RandomForest
sandwich_684.csv,1400,6,0.8821428571428571,0.85,0.8464285714285714,RandomForest
sandwich_685.csv,1400,6,0.8571428571428571,0.8035714285714286,0.8821428571428571,SVM
sandwich_686.csv,1400,6,0.8785714285714286,0.8321428571428572,0.8535714285714285,RandomForest
sandwich_687.csv,1400,6,0.8678571428571429,0.8107142857142857,0.9035714285714286,SVM
sandwich_688.csv,1400,6,0.8678571428571429,0.8428571428571429,0.8785714285714286,SVM
sandwich_689.csv,1400,6,0.9178571428571428,0.8321428571428572,0.8714285714285714,RandomForest
sandwich_690.csv,1400,6,0.8857142857142857,0.8392857142857143,0.8964285714285715,SVM
sandwich_691.csv,1400,6,0.8892857142857142,0.8535714285714285,0.8607142857142858,RandomForest
sandwich_692.csv,1400,6,0.9357142857142857,0.8857142857142857,0.8571428571428571,RandomForest
sandwich_693.csv,1400,6,0.9035714285714286,0.8642857142857143,0.8678571428571429,RandomForest
sandwich_694.csv,1400,6,0.9071428571428571,0.9035714285714286,0.8392857142857143,RandomForest
sandwich_695.csv,1400,6,0.9,0.8285714285714286,0.8964285714285715,RandomForest
sandwich_696.csv,1400,6,0.8785714285714286,0.8071428571428572,0.8821428571428571,SVM
sandwich_697.csv,1400,6,0.8,0.7321428571428571,0.8857142857142857,SVM
sandwich_698.csv,1400,6,0.9142857142857143,0.8821428571428571,0.8142857142857143,RandomForest
sandwich_699.csv,1400,6,0.8892857142857142,0.8357142857142857,0.8964285714285715,SVM
sandwich_700.csv,1400,6,0.9214285714285714,0.8928571428571429,0.8321428571428572,RandomForest
sandwich_701.csv,1400,6,0.8928571428571429,0.8535714285714285,0.8607142857142858,RandomForest
sandwich_702.csv,1400,6,0.8964285714285715,0.8464285714285714,0.8428571428571429,RandomForest
sandwich_703.csv,1400,6,0.9142857142857143,0.8821428571428571,0.875,RandomForest
sandwich_704.csv,1400,6,0.8857142857142857,0.825,0.8964285714285715,SVM
sandwich_705.csv,1400,6,0.8892857142857142,0.8357142857142857,0.8821428571428571,RandomForest
sandwich_706.csv,1400,6,0.8928571428571429,0.8571428571428571,0.7892857142857143,RandomForest
sandwich_707.csv,1400,6,0.925,0.8785714285714286,0.8428571428571429,RandomForest
sandwich_708.csv,1400,6,0.8857142857142857,0.85,0.8607142857142858,RandomForest
sandwich_709.csv,1400,6,0.8535714285714285,0.7928571428571428,0.9107142857142857,SVM
sandwich_710.csv,1400,6,0.9142857142857143,0.8714285714285714,0.8571428571428571,RandomForest
sandwich_711.csv,1400,6,0.9214285714285714,0.8678571428571429,0.8285714285714286,RandomForest
sandwich_712.csv,1400,6,0.9571428571428572,0.9428571428571428,0.8535714285714285,RandomForest
sandwich_713.csv,1400,6,0.9214285714285714,0.8642857142857143,0.8857142857142857,RandomForest
sandwich_714.csv,1400,6,0.9071428571428571,0.8821428571428571,0.85,RandomForest
sandwich_715.csv,1400,6,0.85,0.8071428571428572,0.9107142857142857,SVM
sandwich_716.csv,1400,6,0.9107142857142857,0.8714285714285714,0.8607142857142858,RandomForest
sandwich_717.csv,1400,6,0.8357142857142857,0.7178571428571429,0.8785714285714286,SVM
sandwich_718.csv,1400,6,0.8571428571428571,0.7785714285714286,0.8678571428571429,SVM
sandwich_719.csv,1400,6,0.925,0.8964285714285715,0.8321428571428572,RandomForest
sandwich_720.csv,1400,6,0.9,0.8535714285714285,0.8714285714285714,RandomForest
sandwich_721.csv,1400,6,0.8678571428571429,0.8321428571428572,0.9321428571428572,SVM
sandwich_722.csv,1400,6,0.9035714285714286,0.8642857142857143,0.9,RandomForest
sandwich_723.csv,1400,6,0.8928571428571429,0.8071428571428572,0.9214285714285714,SVM
sandwich_724.csv,1400,6,0.9178571428571428,0.8607142857142858,0.9107142857142857,RandomForest
sandwich_725.csv,1400,6,0.8607142857142858,0.7535714285714286,0.8857142857142857,SVM
sandwich_726.csv,1400,6,0.8714285714285714,0.75,0.8892857142857142,SVM
sandwich_727.csv,1400,6,0.8392857142857143,0.8,0.8892857142857142,SVM
sandwich_728.csv,1400,6,0.9035714285714286,0.7892857142857143,0.9142857142857143,SVM
sandwich_729.csv,1400,6,0.8892857142857142,0.8035714285714286,0.8785714285714286,RandomForest
sandwich_730.csv,1400,6,0.8785714285714286,0.7964285714285714,0.8571428571428571,RandomForest
sandwich_731.csv,1400,6,0.8892857142857142,0.8571428571428571,0.8535714285714285,RandomForest
sandwich_732.csv,1400,6,0.8714285714285714,0.7821428571428571,0.8642857142857143,RandomForest
sandwich_733.csv,1400,6,0.9357142857142857,0.9214285714285714,0.8357142857142857,RandomForest
sandwich_734.csv,1400,6,0.8892857142857142,0.8821428571428571,0.8642857142857143,RandomForest
sandwich_735.csv,1400,6,0.9178571428571428,0.8607142857142858,0.8142857142857143,RandomForest
sandwich_736.csv,1400,6,0.875,0.8035714285714286,0.8964285714285715,SVM
sandwich_737.csv,1400,6,0.9107142857142857,0.8821428571428571,0.8785714285714286,RandomForest
sandwich_738.csv,1400,6,0.8714285714285714,0.7928571428571428,0.8964285714285715,SVM
sandwich_739.csv,1400,6,0.9107142857142857,0.8571428571428571,0.8785714285714286,RandomForest
sandwich_740.csv,1400,6,0.9107142857142857,0.8142857142857143,0.8785714285714286,RandomForest
sandwich_741.csv,1400,6,0.9107142857142857,0.8642857142857143,0.8785714285714286,RandomForest
sandwich_742.csv,1400,6,0.825,0.775,0.8678571428571429,SVM
sandwich_743.csv,1400,6,0.9178571428571428,0.8892857142857142,0.875,RandomForest
sandwich_744.csv,1400,6,0.8535714285714285,0.8142857142857143,0.8928571428571429,SVM
sandwich_745.csv,1400,6,0.8785714285714286,0.825,0.8821428571428571,SVM
sandwich_746.csv,1400,6,0.8357142857142857,0.7678571428571429,0.8392857142857143,SVM
sandwich_747.csv,1400,6,0.8785714285714286,0.8714285714285714,0.8964285714285715,SVM
sandwich_748.csv,1400,6,0.9,0.8857142857142857,0.8892857142857142,RandomForest
sandwich_749.csv,1400,6,0.8464285714285714,0.7714285714285715,0.85,SVM
sandwich_750.csv,1400,6,0.9035714285714286,0.8464285714285714,0.8678571428571429,RandomForest
sandwich_751.csv,1400,6,0.8428571428571429,0.7714285714285715,0.9071428571428571,SVM
sandwich_752.csv,1400,6,0.8821428571428571,0.775,0.9035714285714286,SVM
sandwich_753.csv,1400,6,0.9285714285714286,0.8607142857142858,0.8821428571428571,RandomForest
sandwich_754.csv,1400,6,0.9214285714285714,0.9035714285714286,0.8142857142857143,RandomForest
sandwich_755.csv,1400,6,0.8785714285714286,0.8678571428571429,0.8357142857142857,RandomForest
sandwich_756.csv,1400,6,0.8857142857142857,0.8285714285714286,0.9,SVM
sandwich_757.csv,1400,6,0.9071428571428571,0.8535714285714285,0.8928571428571429,RandomForest
sandwich_758.csv,1400,6,0.9035714285714286,0.8,0.8964285714285715,RandomForest
sandwich_759.csv,1400,6,0.9357142857142857,0.8857142857142857,0.8821428571428571,RandomForest
sandwich_760.csv,1400,6,0.8821428571428571,0.8178571428571428,0.8714285714285714,RandomForest
sandwich_761.csv,1400,6,0.9107142857142857,0.9035714285714286,0.8321428571428572,RandomForest
sandwich_762.csv,1400,6,0.875,0.8321428571428572,0.8678571428571429,RandomForest
sandwich_763.csv,1400,6,0.8964285714285715,0.8535714285714285,0.8428571428571429,RandomForest
sandwich_764.csv,1400,6,0.8892857142857142,0.875,0.8285714285714286,RandomForest
sandwich_765.csv,1400,6,0.8821428571428571,0.8178571428571428,0.85,RandomForest
sandwich_766.csv,1400,6,0.9107142857142857,0.8928571428571429,0.8214285714285714,RandomForest
sandwich_767.csv,1400,6,0.8678571428571429,0.8321428571428572,0.8642857142857143,RandomForest
sandwich_768.csv,1400,6,0.9035714285714286,0.8535714285714285,0.8785714285714286,RandomForest
sandwich_769.csv,1400,6,0.8642857142857143,0.8214285714285714,0.8964285714285715,SVM
sandwich_770.csv,1400,6,0.8607142857142858,0.8142857142857143,0.8642857142857143,SVM
sandwich_771.csv,1400,6,0.8285714285714286,0.7178571428571429,0.875,SVM
sandwich_772.csv,1400,6,0.85,0.7464285714285714,0.8892857142857142,SVM
sandwich_773.csv,1400,6,0.9392857142857143,0.9142857142857143,0.8464285714285714,RandomForest
sandwich_774.csv,1400,6,0.925,0.8892857142857142,0.8714285714285714,RandomForest
sandwich_775.csv,1400,6,0.925,0.8642857142857143,0.9107142857142857,RandomForest
sandwich_776.csv,1400,6,0.8678571428571429,0.7964285714285714,0.8785714285714286,SVM
sandwich_777.csv,1400,6,0.8571428571428571,0.8035714285714286,0.8821428571428571,SVM
sandwich_778.csv,1400,6,0.8785714285714286,0.8357142857142857,0.8821428571428571,SVM
sandwich_779.csv,1400,6,0.9035714285714286,0.8821428571428571,0.8178571428571428,RandomForest
sandwich_780.csv,1400,6,0.8857142857142857,0.8142857142857143,0.8785714285714286,RandomForest
sandwich_781.csv,1400,6,0.8785714285714286,0.7892857142857143,0.8464285714285714,RandomForest
sandwich_782.csv,1400,6,0.8785714285714286,0.8285714285714286,0.8928571428571429,SVM
sandwich_783.csv,1400,6,0.8821428571428571,0.8321428571428572,0.8857142857142857,SVM
sandwich_784.csv,1400,6,0.8964285714285715,0.8892857142857142,0.8571428571428571,RandomForest
sandwich_785.csv,1400,6,0.9107142857142857,0.8964285714285715,0.8714285714285714,RandomForest
sandwich_786.csv,1400,6,0.8892857142857142,0.8035714285714286,0.9214285714285714,SVM
sandwich_787.csv,1400,6,0.8571428571428571,0.8321428571428572,0.8464285714285714,RandomForest
sandwich_788.csv,1400,6,0.8892857142857142,0.8678571428571429,0.8107142857142857,RandomForest
sandwich_789.csv,1400,6,0.9107142857142857,0.8892857142857142,0.8535714285714285,RandomForest
sandwich_790.csv,1400,6,0.8892857142857142,0.8892857142857142,0.7821428571428571,RandomForest
sandwich_791.csv,1400,6,0.8428571428571429,0.7964285714285714,0.8571428571428571,SVM
sandwich_792.csv,1400,6,0.9107142857142857,0.8607142857142858,0.8571428571428571,RandomForest
sandwich_793.csv,1400,6,0.9392857142857143,0.9035714285714286,0.825,RandomForest
sandwich_794.csv,1400,6,0.8928571428571429,0.825,0.9,SVM
sandwich_795.csv,1400,6,0.9,0.8678571428571429,0.8964285714285715,RandomForest
sandwich_796.csv,1400,6,0.9035714285714286,0.8535714285714285,0.8428571428571429,RandomForest
sandwich_797.csv,1400,6,0.9285714285714286,0.9107142857142857,0.8428571428571429,RandomForest
sandwich_798.csv,1400,6,0.8607142857142858,0.7607142857142857,0.9142857142857143,SVM
sandwich_799.csv,1400,6,0.8892857142857142,0.8642857142857143,0.875,RandomForest
xor_200.csv,1400,6,0.7464285714285714,0.7071428571428572,0.7892857142857143,SVM
xor_201.csv,1400,6,0.8178571428571428,0.775,0.8321428571428572,SVM
xor_202.csv,1400,6,0.7857142857142857,0.7678571428571429,0.7642857142857142,RandomForest
xor_203.csv,1400,6,0.7535714285714286,0.7035714285714286,0.7785714285714286,SVM
xor_204.csv,1400,6,0.9178571428571428,0.9071428571428571,0.9178571428571428,RandomForest
xor_205.csv,1400,6,0.7821428571428571,0.725,0.7821428571428571,RandomForest
xor_206.csv,1400,6,0.8678571428571429,0.8392857142857143,0.8714285714285714,SVM
xor_207.csv,1400,6,0.8357142857142857,0.8321428571428572,0.7964285714285714,RandomForest
xor_208.csv,1400,6,0.7642857142857142,0.7107142857142857,0.7678571428571429,SVM
xor_209.csv,1400,6,0.8178571428571428,0.7714285714285715,0.8428571428571429,SVM
xor_210.csv,1400,6,0.8642857142857143,0.8678571428571429,0.8214285714285714,DecisionTree
xor_211.csv,1400,6,0.9035714285714286,0.9,0.8821428571428571,RandomForest
xor_212.csv,1400,6,0.8285714285714286,0.7857142857142857,0.8678571428571429,SVM
xor_213.csv,1400,6,0.8035714285714286,0.7392857142857143,0.7857142857142857,RandomForest
xor_214.csv,1400,6,0.8535714285714285,0.8357142857142857,0.8571428571428571,SVM
xor_215.csv,1400,6,0.8571428571428571,0.8357142857142857,0.8285714285714286,RandomForest
xor_216.csv,1400,6,0.8392857142857143,0.825,0.8285714285714286,RandomForest
xor_217.csv,1400,6,0.9357142857142857,0.9035714285714286,0.9071428571428571,RandomForest
xor_218.csv,1400,6,0.9035714285714286,0.8714285714285714,0.8892857142857142,RandomForest
xor_219.csv,1400,6,0.7785714285714286,0.7607142857142857,0.7928571428571428,SVM
xor_220.csv,1400,6,0.7892857142857143,0.7357142857142858,0.8214285714285714,SVM
xor_221.csv,1400,6,0.8142857142857143,0.7357142857142858,0.8142857142857143,RandomForest
xor_222.csv,1400,6,0.8964285714285715,0.875,0.8928571428571429,RandomForest
xor_223.csv,1400,6,0.8571428571428571,0.8178571428571428,0.8464285714285714,RandomForest
xor_224.csv,1400,6,0.8857142857142857,0.8428571428571429,0.875,RandomForest
xor_225.csv,1400,6,0.9035714285714286,0.8964285714285715,0.8714285714285714,RandomForest
xor_226.csv,1400,6,0.7785714285714286,0.7714285714285715,0.7392857142857143,RandomForest
xor_227.csv,1400,6,0.8178571428571428,0.7928571428571428,0.8428571428571429,SVM
xor_228.csv,1400,6,0.8428571428571429,0.7678571428571429,0.8428571428571429,RandomForest
xor_229.csv,1400,6,0.8107142857142857,0.8035714285714286,0.8035714285714286,RandomForest
xor_230.csv,1400,6,0.7714285714285715,0.7571428571428571,0.8035714285714286,SVM
xor_231.csv,1400,6,0.7285714285714285,0.6892857142857143,0.725,RandomForest
xor_232.csv,1400,6,0.8321428571428572,0.8071428571428572,0.8357142857142857,SVM
xor_233.csv,1400,6,0.8607142857142858,0.8107142857142857,0.8535714285714285,RandomForest
xor_234.csv,1400,6,0.8785714285714286,0.8571428571428571,0.9035714285714286,SVM
xor_235.csv,1400,6,0.85,0.8071428571428572,0.8321428571428572,RandomForest
xor_236.csv,1400,6,0.8928571428571429,0.8428571428571429,0.8571428571428571,RandomForest
xor_237.csv,1400,6,0.8892857142857142,0.7892857142857143,0.8714285714285714,RandomForest
xor_238.csv,1400,6,0.8,0.75,0.7571428571428571,RandomForest
xor_239.csv,1400,6,0.85,0.8285714285714286,0.8571428571428571,SVM
xor_240.csv,1400,6,0.8928571428571429,0.8535714285714285,0.8214285714285714,RandomForest
xor_241.csv,1400,6,0.8321428571428572,0.8178571428571428,0.8285714285714286,RandomForest
xor_242.csv,1400,6,0.8392857142857143,0.7964285714285714,0.8821428571428571,SVM
xor_243.csv,1400,6,0.9642857142857143,0.9535714285714286,0.95,RandomForest
xor_244.csv,1400,6,0.9,0.8321428571428572,0.925,SVM
xor_245.csv,1400,6,0.8571428571428571,0.8464285714285714,0.8428571428571429,RandomForest
xor_246.csv,1400,6,0.7678571428571429,0.7214285714285714,0.7571428571428571,RandomForest
xor_247.csv,1400,6,0.8964285714285715,0.85,0.8892857142857142,RandomForest
xor_248.csv,1400,6,0.85,0.7607142857142857,0.8607142857142858,SVM
xor_249.csv,1400,6,0.8464285714285714,0.775,0.8571428571428571,SVM
xor_250.csv,1400,6,0.8535714285714285,0.7857142857142857,0.8785714285714286,SVM
xor_251.csv,1400,6,0.7928571428571428,0.75,0.7821428571428571,RandomForest
xor_252.csv,1400,6,0.9035714285714286,0.8571428571428571,0.8892857142857142,RandomForest
xor_253.csv,1400,6,0.8464285714285714,0.825,0.8607142857142858,SVM
xor_254.csv,1400,6,0.8535714285714285,0.7857142857142857,0.8357142857142857,RandomForest
xor_255.csv,1400,6,0.8535714285714285,0.8357142857142857,0.8392857142857143,RandomForest
xor_256.csv,1400,6,0.7928571428571428,0.7392857142857143,0.7892857142857143,RandomForest
xor_257.csv,1400,6,0.8821428571428571,0.8357142857142857,0.8785714285714286,RandomForest
xor_258.csv,1400,6,0.8321428571428572,0.7678571428571429,0.8428571428571429,SVM
xor_259.csv,1400,6,0.9,0.8821428571428571,0.8928571428571429,RandomForest
xor_260.csv,1400,6,0.7964285714285714,0.7071428571428572,0.8071428571428572,SVM
xor_261.csv,1400,6,0.9214285714285714,0.9142857142857143,0.875,RandomForest
xor_262.csv,1400,6,0.8428571428571429,0.7821428571428571,0.8107142857142857,RandomForest
xor_263.csv,1400,6,0.8892857142857142,0.8535714285714285,0.9035714285714286,SVM
xor_264.csv,1400,6,0.8678571428571429,0.8071428571428572,0.825,RandomForest
xor_265.csv,1400,6,0.8178571428571428,0.7142857142857143,0.8214285714285714,SVM
xor_266.csv,1400,6,0.8,0.7321428571428571,0.8321428571428572,SVM
xor_267.csv,1400,6,0.8714285714285714,0.8464285714285714,0.8,RandomForest
xor_268.csv,1400,6,0.8928571428571429,0.8321428571428572,0.9,SVM
xor_269.csv,1400,6,0.8392857142857143,0.7964285714285714,0.85,SVM
xor_270.csv,1400,6,0.7785714285714286,0.6928571428571428,0.7928571428571428,SVM
xor_271.csv,1400,6,0.8785714285714286,0.8571428571428571,0.8857142857142857,SVM
xor_272.csv,1400,6,0.8035714285714286,0.7607142857142857,0.8,RandomForest
xor_273.csv,1400,6,0.9357142857142857,0.9107142857142857,0.9107142857142857,RandomForest
xor_274.csv,1400,6,0.9392857142857143,0.9214285714285714,0.9107142857142857,RandomForest
xor_275.csv,1400,6,0.8857142857142857,0.8857142857142857,0.8964285714285715,SVM
xor_276.csv,1400,6,0.8035714285714286,0.7607142857142857,0.8357142857142857,SVM
xor_277.csv,1400,6,0.9035714285714286,0.8928571428571429,0.8714285714285714,RandomForest
xor_278.csv,1400,6,0.8392857142857143,0.7857142857142857,0.8321428571428572,RandomForest
xor_279.csv,1400,6,0.8607142857142858,0.7928571428571428,0.8142857142857143,RandomForest
xor_280.csv,1400,6,0.7892857142857143,0.7607142857142857,0.7892857142857143,RandomForest
xor_281.csv,1400,6,0.7857142857142857,0.7428571428571429,0.7785714285714286,RandomForest
xor_282.csv,1400,6,0.8892857142857142,0.8428571428571429,0.8321428571428572,RandomForest
xor_283.csv,1400,6,0.8714285714285714,0.7964285714285714,0.8928571428571429,SVM
xor_284.csv,1400,6,0.8357142857142857,0.775,0.8285714285714286,RandomForest
xor_285.csv,1400,6,0.7964285714285714,0.75,0.8107142857142857,SVM
xor_286.csv,1400,6,0.8464285714285714,0.7714285714285715,0.8821428571428571,SVM
xor_287.csv,1400,6,0.8642857142857143,0.8392857142857143,0.8785714285714286,SVM
xor_288.csv,1400,6,0.8678571428571429,0.8035714285714286,0.8357142857142857,RandomForest
xor_289.csv,1400,6,0.9,0.8357142857142857,0.9,RandomForest
xor_290.csv,1400,6,0.8535714285714285,0.8214285714285714,0.8392857142857143,RandomForest
xor_291.csv,1400,6,0.8107142857142857,0.7678571428571429,0.7892857142857143,RandomForest
xor_292.csv,1400,6,0.9071428571428571,0.8928571428571429,0.8892857142857142,RandomForest
xor_293.csv,1400,6,0.8785714285714286,0.8535714285714285,0.9035714285714286,SVM
xor_294.csv,1400,6,0.8964285714285715,0.8785714285714286,0.9,SVM
xor_295.csv,1400,6,0.875,0.8714285714285714,0.9142857142857143,SVM
xor_296.csv,1400,6,0.8857142857142857,0.8035714285714286,0.8857142857142857,RandomForest
xor_297.csv,1400,6,0.8964285714285715,0.8321428571428572,0.8857142857142857,RandomForest
xor_298.csv,1400,6,0.7392857142857143,0.7571428571428571,0.7964285714285714,SVM
xor_299.csv,1400,6,0.875,0.8285714285714286,0.8785714285714286,SVM
xor_300.csv,1400,6,0.9107142857142857,0.8428571428571429,0.8857142857142857,RandomForest
xor_301.csv,1400,6,0.8392857142857143,0.7535714285714286,0.8607142857142858,SVM
xor_302.csv,1400,6,0.8428571428571429,0.7785714285714286,0.8214285714285714,RandomForest
xor_303.csv,1400,6,0.7642857142857142,0.7071428571428572,0.7392857142857143,RandomForest
xor_304.csv,1400,6,0.8428571428571429,0.7714285714285715,0.8,RandomForest
xor_305.csv,1400,6,0.925,0.9,0.9392857142857143,SVM
xor_306.csv,1400,6,0.9,0.8678571428571429,0.875,RandomForest
xor_307.csv,1400,6,0.9464285714285714,0.9178571428571428,0.8928571428571429,RandomForest
xor_308.csv,1400,6,0.7821428571428571,0.7714285714285715,0.8142857142857143,SVM
xor_309.csv,1400,6,0.8214285714285714,0.7785714285714286,0.8142857142857143,RandomForest
xor_310.csv,1400,6,0.8107142857142857,0.7571428571428571,0.8285714285714286,SVM
xor_311.csv,1400,6,0.8428571428571429,0.8035714285714286,0.85,SVM
xor_312.csv,1400,6,0.8857142857142857,0.8678571428571429,0.8678571428571429,RandomForest
xor_313.csv,1400,6,0.8214285714285714,0.7892857142857143,0.8071428571428572,RandomForest
xor_314.csv,1400,6,0.9178571428571428,0.8571428571428571,0.875,RandomForest
xor_315.csv,1400,6,0.7785714285714286,0.75,0.8142857142857143,SVM
xor_316.csv,1400,6,0.9678571428571429,0.9678571428571429,0.95,RandomForest
xor_317.csv,1400,6,0.8535714285714285,0.8142857142857143,0.8571428571428571,SVM
xor_318.csv,1400,6,0.8892857142857142,0.8714285714285714,0.9,SVM
xor_319.csv,1400,6,0.9357142857142857,0.9,0.9321428571428572,RandomForest
xor_320.csv,1400,6,0.8428571428571429,0.8178571428571428,0.8107142857142857,RandomForest
xor_321.csv,1400,6,0.825,0.8107142857142857,0.8428571428571429,SVM
xor_322.csv,1400,6,0.725,0.7107142857142857,0.7071428571428572,RandomForest
xor_323.csv,1400,6,0.8928571428571429,0.8892857142857142,0.8357142857142857,RandomForest
xor_324.csv,1400,6,0.9178571428571428,0.9035714285714286,0.9035714285714286,RandomForest
xor_325.csv,1400,6,0.8857142857142857,0.8535714285714285,0.8107142857142857,RandomForest
xor_326.csv,1400,6,0.85,0.8464285714285714,0.8428571428571429,RandomForest
xor_327.csv,1400,6,0.8428571428571429,0.8035714285714286,0.8535714285714285,SVM
xor_328.csv,1400,6,0.9285714285714286,0.9,0.9107142857142857,RandomForest
xor_329.csv,1400,6,0.85,0.825,0.85,RandomForest
xor_330.csv,1400,6,0.8464285714285714,0.7785714285714286,0.7964285714285714,RandomForest
xor_331.csv,1400,6,0.8392857142857143,0.8,0.8535714285714285,SVM
xor_332.csv,1400,6,0.8892857142857142,0.8607142857142858,0.8857142857142857,RandomForest
xor_333.csv,1400,6,0.7714285714285715,0.7428571428571429,0.7535714285714286,RandomForest
xor_334.csv,1400,6,0.7928571428571428,0.7607142857142857,0.7857142857142857,RandomForest
xor_335.csv,1400,6,0.9392857142857143,0.9071428571428571,0.9071428571428571,RandomForest
xor_336.csv,1400,6,0.8321428571428572,0.8321428571428572,0.8428571428571429,SVM
xor_337.csv,1400,6,0.8285714285714286,0.8,0.8535714285714285,SVM
xor_338.csv,1400,6,0.8571428571428571,0.8428571428571429,0.8607142857142858,SVM
xor_339.csv,1400,6,0.875,0.825,0.8785714285714286,SVM
xor_340.csv,1400,6,0.8,0.7464285714285714,0.7821428571428571,RandomForest
xor_341.csv,1400,6,0.8571428571428571,0.8214285714285714,0.8607142857142858,SVM
xor_342.csv,1400,6,0.8107142857142857,0.7428571428571429,0.7964285714285714,RandomForest
xor_343.csv,1400,6,0.8107142857142857,0.7821428571428571,0.825,SVM
xor_344.csv,1400,6,0.8821428571428571,0.8178571428571428,0.875,RandomForest
xor_345.csv,1400,6,0.7678571428571429,0.7535714285714286,0.775,SVM
xor_346.csv,1400,6,0.8821428571428571,0.8714285714285714,0.9035714285714286,SVM
xor_347.csv,1400,6,0.825,0.8071428571428572,0.8285714285714286,SVM
xor_348.csv,1400,6,0.8642857142857143,0.8107142857142857,0.8857142857142857,SVM
xor_349.csv,1400,6,0.9,0.8714285714285714,0.9107142857142857,SVM
xor_350.csv,1400,6,0.8464285714285714,0.8107142857142857,0.8821428571428571,SVM
xor_351.csv,1400,6,0.8392857142857143,0.8142857142857143,0.8142857142857143,RandomForest
xor_352.csv,1400,6,0.85,0.7892857142857143,0.8464285714285714,RandomForest
xor_353.csv,1400,6,0.8857142857142857,0.8857142857142857,0.8714285714285714,RandomForest
xor_354.csv,1400,6,0.9214285714285714,0.8857142857142857,0.8821428571428571,RandomForest
xor_355.csv,1400,6,0.8607142857142858,0.8357142857142857,0.8571428571428571,RandomForest
xor_356.csv,1400,6,0.8571428571428571,0.8035714285714286,0.8535714285714285,RandomForest
xor_357.csv,1400,6,0.8785714285714286,0.8285714285714286,0.8785714285714286,RandomForest
xor_358.csv,1400,6,0.7821428571428571,0.75,0.7964285714285714,SVM
xor_359.csv,1400,6,0.8178571428571428,0.7964285714285714,0.8142857142857143,RandomForest
xor_360.csv,1400,6,0.8392857142857143,0.7678571428571429,0.8392857142857143,RandomForest
xor_361.csv,1400,6,0.9,0.8714285714285714,0.8642857142857143,RandomForest
xor_362.csv,1400,6,0.8571428571428571,0.8214285714285714,0.8214285714285714,RandomForest
xor_363.csv,1400,6,0.8392857142857143,0.8035714285714286,0.8357142857142857,RandomForest
xor_364.csv,1400,6,0.775,0.725,0.7928571428571428,SVM
xor_365.csv,1400,6,0.8428571428571429,0.8178571428571428,0.8142857142857143,RandomForest
xor_366.csv,1400,6,0.8464285714285714,0.8535714285714285,0.8857142857142857,SVM
xor_367.csv,1400,6,0.7678571428571429,0.7357142857142858,0.7928571428571428,SVM
xor_368.csv,1400,6,0.7892857142857143,0.7785714285714286,0.7892857142857143,RandomForest
xor_369.csv,1400,6,0.9035714285714286,0.875,0.8964285714285715,RandomForest
xor_370.csv,1400,6,0.9,0.825,0.9,RandomForest
xor_371.csv,1400,6,0.9464285714285714,0.9035714285714286,0.9428571428571428,RandomForest
xor_372.csv,1400,6,0.7892857142857143,0.725,0.8142857142857143,SVM
xor_373.csv,1400,6,0.9071428571428571,0.875,0.9142857142857143,SVM
xor_374.csv,1400,6,0.7642857142857142,0.6928571428571428,0.7821428571428571,SVM
xor_375.csv,1400,6,0.75,0.7142857142857143,0.7785714285714286,SVM
xor_376.csv,1400,6,0.8714285714285714,0.875,0.8714285714285714,DecisionTree
xor_377.csv,1400,6,0.8607142857142858,0.8392857142857143,0.875,SVM
xor_378.csv,1400,6,0.8428571428571429,0.8107142857142857,0.8464285714285714,SVM
xor_379.csv,1400,6,0.8071428571428572,0.8178571428571428,0.7785714285714286,DecisionTree
xor_380.csv,1400,6,0.8392857142857143,0.8142857142857143,0.825,RandomForest
xor_381.csv,1400,6,0.8178571428571428,0.7428571428571429,0.8178571428571428,RandomForest
xor_382.csv,1400,6,0.9678571428571429,0.9214285714285714,0.9607142857142857,RandomForest
xor_383.csv,1400,6,0.875,0.8464285714285714,0.8357142857142857,RandomForest
xor_384.csv,1400,6,0.7892857142857143,0.7821428571428571,0.7785714285714286,RandomForest
xor_385.csv,1400,6,0.8571428571428571,0.7857142857142857,0.8464285714285714,RandomForest
xor_386.csv,1400,6,0.8785714285714286,0.8642857142857143,0.8464285714285714,RandomForest
xor_387.csv,1400,6,0.8071428571428572,0.75,0.8214285714285714,SVM
xor_388.csv,1400,6,0.8785714285714286,0.8464285714285714,0.8714285714285714,RandomForest
xor_389.csv,1400,6,0.825,0.7392857142857143,0.8178571428571428,RandomForest
xor_390.csv,1400,6,0.9071428571428571,0.8428571428571429,0.9,RandomForest
xor_391.csv,1400,6,0.8607142857142858,0.8392857142857143,0.8571428571428571,RandomForest
xor_392.csv,1400,6,0.9035714285714286,0.8535714285714285,0.9035714285714286,RandomForest
xor_393.csv,1400,6,0.8357142857142857,0.8214285714285714,0.8321428571428572,RandomForest
xor_394.csv,1400,6,0.8642857142857143,0.8464285714285714,0.8607142857142858,RandomForest
xor_395.csv,1400,6,0.8178571428571428,0.7964285714285714,0.8178571428571428,RandomForest
xor_396.csv,1400,6,0.8714285714285714,0.85,0.8535714285714285,RandomForest
xor_397.csv,1400,6,0.8571428571428571,0.8035714285714286,0.8714285714285714,SVM
xor_398.csv,1400,6,0.8428571428571429,0.7928571428571428,0.8428571428571429,RandomForest
xor_399.csv,1400,6,0.8964285714285715,0.8607142857142858,0.8785714285714286,RandomForest
